employee_id,age,gender,marital_status,education,department,job_role,job_level,city,distance_from_home_km,monthly_income,overtime,job_satisfaction,work_life_balance,performance_rating,years_at_company,years_since_last_promotion,training_times_last_year,attrition
1001,31,Male,Divorced,Master,IT,Software Engineer,1,Bengaluru,9,30448,No,3,4,3,1,1,5,Yes
1002,33,Female,Divorced,Master,Finance,Financial Analyst,2,Bengaluru,14,54207,No,4,4,3,1,1,1,No
1003,31,Female,Married,Bachelor,Research & Development,Research Scientist,1,Bengaluru,11,33423,No,1,2,2,6,4,5,No
1004,23,Male,Married,Bachelor,Sales,Sales Executive,1,Mumbai,16,25930,No,2,3,4,2,1,3,No
1005,31,Female,Married,Master,Research & Development,Lab Technician,2,Pune,7,78031,No,1,3,3,4,2,1,No
1006,21,Female,Divorced,Master,Human Resources,HR Executive,1,Mumbai,23,34753,No,2,2,4,0,0,1,Yes
1007,21,Female,Married,Bachelor,Research & Development,Research Scientist,1,Nagpur,8,30237,Yes,3,3,3,0,0,4,No
1008,38,Male,Single,PhD,Sales,Sales Manager,3,Mumbai,12,162968,No,4,3,3,14,1,3,No
1009,33,Male,Married,Diploma,Research & Development,Research Scientist,1,Bengaluru,9,47254,Yes,4,2,2,11,4,4,No
1010,27,Male,Single,Bachelor,Research & Development,Research Scientist,1,Hyderabad,11,44087,No,3,2,3,6,2,6,No
1011,33,Female,Single,Bachelor,Sales,Sales Manager,3,Pune,3,134679,No,3,2,2,1,1,4,No
1012,23,Male,Married,Master,Sales,Sales Executive,1,Nagpur,10,40188,No,2,3,3,2,2,5,No
1013,28,Female,Married,Master,Human Resources,HR Executive,1,Bengaluru,2,26451,Yes,4,3,3,3,3,5,No
1014,25,Male,Single,Master,Research & Development,Lab Technician,2,Hyderabad,53,73732,Yes,4,2,3,4,2,5,Yes
1015,26,Male,Married,Bachelor,Sales,Sales Executive,1,Hyderabad,10,36766,Yes,2,2,3,0,0,2,Yes
1016,33,Female,Single,Master,Research & Development,Research Scientist,1,Hyderabad,3,35692,No,4,2,3,0,0,6,No
1017,21,Male,Single,Bachelor,Sales,Sales Executive,1,Bengaluru,9,28453,No,4,3,3,0,0,2,No
1018,28,Female,Single,Bachelor,Research & Development,Lab Technician,2,Bengaluru,31,78360,Yes,4,3,3,1,1,0,Yes
1019,33,Male,Married,Master,Human Resources,HR Executive,1,Hyderabad,28,40246,Yes,1,2,3,2,2,5,No
1020,23,Male,Single,Master,IT,Software Engineer,1,Mumbai,9,34232,No,4,3,3,2,2,3,No
1021,36,Male,Married,Master,Human Resources,HR Executive,1,Mumbai,2,37943,No,4,2,4,11,3,2,No
1022,37,Male,Single,Diploma,IT,Data Analyst,2,Hyderabad,17,79871,Yes,1,1,3,6,3,5,No
1023,39,Male,Single,Diploma,Operations,Supervisor,2,Bengaluru,24,95594,Yes,4,2,3,10,3,3,No
1024,30,Male,Single,PhD,Sales,Sales Manager,3,Mumbai,13,130236,Yes,4,2,3,3,3,3,No
1025,38,Male,Single,Bachelor,Research & Development,Research Scientist,1,Bengaluru,9,30131,Yes,3,2,2,0,0,4,No
1026,32,Male,Married,Bachelor,Research & Development,Lab Technician,2,Nagpur,10,63382,No,4,4,3,0,0,3,No
1027,31,Male,Single,Bachelor,Research & Development,Research Scientist,1,Mumbai,19,29306,No,4,3,3,7,1,1,No
1028,42,Female,Married,Bachelor,Operations,Operations Manager,3,Hyderabad,9,127399,Yes,1,4,4,3,3,4,No
1029,28,Male,Single,Bachelor,Research & Development,Research Scientist,1,Pune,13,32638,No,3,3,2,5,2,6,No
1030,35,Male,Single,Master,IT,Data Analyst,2,Pune,12,65038,No,3,4,3,1,1,3,No
1031,30,Male,Single,Master,Operations,Supervisor,2,Bengaluru,11,56898,Yes,3,3,4,6,6,3,No
1032,28,Female,Divorced,PhD,Sales,Sales Representative,2,Nagpur,31,67154,Yes,1,3,3,5,5,2,Yes
1033,43,Male,Single,Diploma,Finance,Finance Manager,3,Hyderabad,2,135600,No,4,1,3,0,0,4,No
1034,25,Female,Single,Master,IT,Software Engineer,1,Mumbai,45,36797,No,2,4,3,4,0,2,No
1035,44,Male,Single,Bachelor,IT,Data Analyst,2,Nagpur,3,88461,No,3,2,3,16,0,6,No
1036,28,Male,Divorced,Master,Sales,Sales Executive,1,Mumbai,7,28352,No,4,3,3,1,1,3,Yes
1037,39,Female,Married,Bachelor,Research & Development,Research Scientist,1,Hyderabad,23,36219,No,4,2,3,0,0,3,No
1038,26,Female,Single,Diploma,Operations,Operations Associate,1,Nagpur,4,31741,No,1,2,3,0,0,1,No
1039,26,Male,Single,Master,Sales,Sales Executive,1,Nagpur,8,28996,No,4,4,3,0,0,0,No
1040,29,Male,Married,Master,IT,Software Engineer,1,Nagpur,14,38915,Yes,2,1,3,1,1,1,Yes
1041,32,Male,Married,Master,Finance,Accountant,1,Pune,7,36025,No,2,3,3,3,2,1,No
1042,29,Male,Single,Master,Research & Development,Research Scientist,1,Hyderabad,30,38470,No,1,2,3,1,1,4,No
1043,36,Male,Divorced,Master,Sales,Sales Executive,1,Mumbai,3,24757,No,2,3,4,0,0,3,No
1044,40,Male,Married,Master,Sales,Sales Manager,3,Mumbai,21,223078,No,3,1,3,19,2,5,No
1045,35,Male,Single,Master,Research & Development,Lab Technician,2,Hyderabad,3,88906,No,2,3,3,9,3,6,No
1046,32,Female,Single,PhD,Finance,Financial Analyst,2,Hyderabad,30,67019,No,3,3,3,4,3,2,No
1047,29,Male,Divorced,Bachelor,Research & Development,Research Scientist,1,Nagpur,9,28171,Yes,2,3,3,0,0,0,Yes
1048,24,Male,Single,Master,Operations,Supervisor,2,Pune,11,84443,No,1,2,3,3,1,6,No
1049,25,Male,Married,Bachelor,Human Resources,HR Executive,1,Mumbai,14,32779,No,4,2,4,3,0,5,No
1050,22,Male,Married,Bachelor,Sales,Sales Executive,1,Hyderabad,21,29089,No,2,2,3,0,0,4,Yes
1051,28,Male,Married,Bachelor,Research & Development,Research Scientist,1,Nagpur,19,45680,No,3,3,3,7,1,1,No
1052,25,Female,Single,Diploma,Finance,Financial Analyst,2,Hyderabad,6,76872,No,2,4,3,3,1,2,No
1053,32,Male,Married,Bachelor,Research & Development,Research Scientist,1,Nagpur,4,30916,No,3,3,4,0,0,6,No
1054,21,Female,Divorced,Bachelor,Finance,Accountant,1,Bengaluru,18,29495,No,3,3,3,0,0,4,No
1055,28,Female,Married,Master,Research & Development,Research Scientist,1,Pune,3,38882,No,2,3,3,3,1,0,No
1056,42,Female,Divorced,Bachelor,IT,IT Manager,3,Bengaluru,9,162940,No,3,1,3,5,5,1,No
1057,30,Female,Divorced,Master,Research & Development,Lab Technician,2,Hyderabad,3,75130,No,3,2,3,2,1,6,No
1058,25,Male,Single,Bachelor,Research & Development,Research Scientist,1,Mumbai,25,39888,Yes,2,4,3,4,1,5,No
1059,41,Female,Single,Master,Operations,Operations Manager,3,Pune,2,112354,No,3,3,3,5,4,4,No
1060,33,Male,Married,Bachelor,Operations,Operations Associate,1,Pune,2,32064,No,4,3,3,2,1,5,No
1061,29,Male,Single,Bachelor,Sales,Sales Executive,1,Hyderabad,8,36346,Yes,1,4,4,0,0,5,Yes
1062,28,Female,Married,Bachelor,IT,Software Engineer,1,Mumbai,6,28104,Yes,1,2,4,3,2,1,No
1063,28,Female,Single,Bachelor,Research & Development,Research Scientist,1,Mumbai,8,39320,No,4,3,2,7,0,4,No
1064,23,Female,Married,Bachelor,Research & Development,Research Scientist,1,Bengaluru,13,34409,No,1,1,3,2,2,1,No
1065,26,Male,Married,Bachelor,Research & Development,Research Scientist,1,Pune,26,27104,No,1,2,4,0,0,4,Yes
1066,32,Female,Divorced,Diploma,Research & Development,Research Scientist,1,Bengaluru,1,26604,No,4,3,3,1,1,0,No
1067,42,Male,Divorced,Bachelor,Research & Development,Research Director,3,Mumbai,1,132935,No,1,3,3,7,0,3,No
1068,25,Female,Divorced,Master,Human Resources,HR Executive,1,Bengaluru,2,33494,No,3,3,3,1,1,2,Yes
1069,34,Male,Married,Bachelor,Sales,Sales Representative,2,Mumbai,16,72152,Yes,4,3,4,2,1,5,Yes
1070,32,Female,Married,Bachelor,IT,Data Analyst,2,Mumbai,12,92210,No,3,2,3,8,6,0,No
1071,21,Male,Married,PhD,Finance,Accountant,1,Bengaluru,22,30264,Yes,4,4,3,0,0,4,No
1072,30,Male,Married,Diploma,Research & Development,Lab Technician,2,Mumbai,12,61582,Yes,2,2,4,6,3,3,No
1073,30,Male,Married,PhD,Finance,Financial Analyst,2,Mumbai,12,60476,No,1,4,4,2,0,6,Yes
1074,26,Male,Married,Bachelor,Finance,Accountant,1,Hyderabad,1,30866,Yes,4,2,4,5,5,0,No
1075,29,Female,Married,Bachelor,Research & Development,Research Scientist,1,Hyderabad,1,29148,Yes,4,3,4,5,1,2,Yes
1076,43,Female,Divorced,Bachelor,Sales,Sales Manager,3,Mumbai,8,107617,No,4,3,3,3,2,0,No
1077,23,Male,Divorced,Bachelor,Operations,Operations Associate,1,Pune,8,29675,No,3,3,3,1,1,5,No
1078,21,Male,Married,PhD,Sales,Sales Executive,1,Nagpur,21,25002,No,2,3,2,0,0,3,No
1079,41,Female,Married,Bachelor,Human Resources,HR Manager,2,Mumbai,19,67996,No,4,3,3,5,1,4,No
1080,27,Female,Single,Diploma,Sales,Sales Executive,1,Nagpur,7,33476,No,4,3,3,6,1,6,No
1081,24,Male,Married,Diploma,Sales,Sales Executive,1,Mumbai,12,37312,No,4,2,3,1,1,3,No
1082,43,Male,Married,Bachelor,Sales,Sales Representative,2,Hyderabad,1,75900,No,3,4,4,0,0,2,Yes
1083,30,Male,Married,Diploma,Research & Development,Research Scientist,1,Bengaluru,16,43593,No,4,2,3,4,3,1,No
1084,21,Female,Married,Master,Research & Development,Research Scientist,1,Nagpur,5,36179,Yes,4,2,3,0,0,4,No
1085,21,Female,Married,Bachelor,Sales,Sales Executive,1,Bengaluru,3,32567,No,1,2,3,0,0,5,Yes
1086,32,Male,Married,Master,IT,Software Engineer,1,Mumbai,5,33798,No,4,2,3,4,1,4,No
1087,34,Female,Divorced,Master,Sales,Sales Executive,1,Bengaluru,8,26025,No,3,2,4,0,0,1,Yes
1088,39,Male,Single,Master,Human Resources,HR Manager,2,Mumbai,4,59626,No,4,3,3,5,5,2,No
1089,27,Male,Married,Master,Sales,Sales Executive,1,Bengaluru,14,36623,Yes,4,4,3,5,4,1,No
1090,28,Female,Married,PhD,Sales,Sales Executive,1,Mumbai,13,30796,No,3,4,2,2,2,6,No
1091,25,Male,Divorced,Diploma,Sales,Sales Executive,1,Pune,8,35191,No,2,3,3,0,0,5,Yes
1092,34,Male,Married,Bachelor,Operations,Supervisor,2,Nagpur,20,98399,No,3,2,4,12,3,4,No
1093,24,Male,Single,Master,Sales,Sales Executive,1,Bengaluru,10,40583,No,3,3,3,3,2,4,No
1094,35,Male,Married,Master,Sales,Sales Executive,1,Hyderabad,12,29701,No,4,2,3,3,2,0,No
1095,22,Female,Single,Bachelor,Human Resources,HR Executive,1,Nagpur,3,31532,No,2,4,3,1,1,2,No
1096,22,Male,Married,Bachelor,Research & Development,Research Scientist,1,Mumbai,16,39585,No,2,2,2,1,0,6,No
1097,32,Male,Divorced,Bachelor,IT,Data Analyst,2,Mumbai,13,63989,No,2,4,3,2,2,4,No
1098,37,Male,Married,Master,Sales,Sales Representative,2,Mumbai,22,97070,No,3,4,4,11,3,6,No
1099,29,Female,Single,Bachelor,Research & Development,Research Scientist,1,Mumbai,18,31615,Yes,4,3,2,1,1,0,No
1100,30,Male,Married,Bachelor,Sales,Sales Executive,1,Mumbai,15,28838,No,4,1,3,5,2,4,Yes
1101,28,Male,Single,Bachelor,IT,Data Analyst,2,Bengaluru,1,70865,No,1,3,3,7,4,2,No
1102,26,Male,Married,Bachelor,Human Resources,HR Executive,1,Nagpur,6,41358,Yes,4,4,2,3,3,5,No
1103,30,Male,Married,Diploma,Human Resources,HR Manager,2,Bengaluru,1,65193,No,4,3,3,1,1,5,No
1104,27,Male,Married,Bachelor,Operations,Supervisor,2,Mumbai,3,72915,No,1,2,3,2,1,4,No
1105,21,Male,Married,Bachelor,IT,Software Engineer,1,Hyderabad,7,37276,No,1,2,3,0,0,6,Yes
1106,31,Male,Single,Bachelor,Sales,Sales Executive,1,Pune,17,24932,Yes,3,3,4,1,1,2,Yes
1107,23,Female,Divorced,Diploma,Research & Development,Research Scientist,1,Hyderabad,10,35813,No,4,4,2,0,0,4,No
1108,22,Male,Married,PhD,Operations,Operations Associate,1,Pune,9,28826,No,1,3,4,1,1,3,No
1109,30,Male,Married,PhD,Finance,Accountant,1,Pune,16,35255,Yes,3,2,3,6,1,1,No
1110,21,Male,Single,Master,IT,Software Engineer,1,Mumbai,17,25859,Yes,4,2,4,0,0,2,Yes
1111,27,Male,Divorced,Bachelor,Research & Development,Research Scientist,1,Pune,2,33168,Yes,2,2,3,6,1,0,Yes
1112,22,Female,Divorced,Bachelor,Sales,Sales Executive,1,Bengaluru,5,36535,No,4,3,3,1,1,3,No
1113,24,Female,Married,Bachelor,IT,Software Engineer,1,Mumbai,5,30212,Yes,3,2,3,0,0,5,No
1114,28,Male,Married,Bachelor,Research & Development,Research Scientist,1,Bengaluru,6,37449,Yes,4,3,4,1,1,2,No
1115,40,Female,Single,Bachelor,Sales,Sales Representative,2,Pune,5,76825,Yes,3,2,3,2,0,5,No
1116,29,Female,Married,Bachelor,Operations,Operations Associate,1,Bengaluru,23,43510,Yes,1,4,4,5,1,0,Yes
1117,29,Female,Single,Diploma,Research & Development,Research Scientist,1,Nagpur,37,25410,No,4,4,3,0,0,4,No
1118,23,Male,Single,Bachelor,Research & Development,Research Scientist,1,Pune,8,33929,No,2,3,4,2,2,4,No
1119,46,Male,Single,Master,IT,IT Manager,3,Nagpur,5,126269,No,4,4,4,1,0,3,No
1120,35,Male,Single,Master,Sales,Sales Representative,2,Pune,3,75181,Yes,2,4,3,2,2,1,Yes
1121,27,Female,Married,Bachelor,IT,Software Engineer,1,Pune,20,37554,No,3,4,4,6,0,3,No
1122,31,Female,Married,Master,Sales,Sales Executive,1,Hyderabad,3,25204,Yes,4,2,3,0,0,0,No
1123,29,Male,Married,Diploma,Sales,Sales Executive,1,Pune,21,35117,No,1,4,4,8,0,1,Yes
1124,21,Male,Married,Bachelor,Sales,Sales Representative,2,Nagpur,23,72921,Yes,3,4,3,0,0,3,Yes
1125,34,Male,Single,Diploma,Research & Development,Research Scientist,1,Hyderabad,26,38536,No,2,2,2,4,0,6,No
1126,33,Male,Married,Bachelor,Operations,Operations Associate,1,Mumbai,17,27864,Yes,1,3,3,0,0,0,Yes
1127,35,Female,Married,Bachelor,Research & Development,Research Scientist,1,Hyderabad,26,37659,Yes,4,2,3,6,1,3,No
1128,24,Female,Married,Master,IT,Software Engineer,1,Hyderabad,6,41806,No,3,3,3,3,2,4,No
1129,31,Male,Married,Master,Research & Development,Lab Technician,2,Bengaluru,12,68745,No,3,2,3,1,1,5,No
1130,39,Male,Single,Bachelor,Sales,Sales Representative,2,Hyderabad,1,71446,Yes,1,2,3,7,2,6,Yes
1131,34,Female,Single,Bachelor,Research & Development,Lab Technician,2,Hyderabad,12,91595,No,3,3,3,7,2,6,No
1132,31,Female,Divorced,Bachelor,Operations,Supervisor,2,Bengaluru,19,51583,Yes,2,4,3,0,0,4,Yes
1133,37,Female,Single,Master,Sales,Sales Representative,2,Nagpur,4,74596,No,3,1,4,4,3,6,No
1134,34,Male,Single,PhD,Research & Development,Research Scientist,1,Mumbai,17,33114,No,3,4,3,1,1,1,No
1135,34,Female,Married,Bachelor,Research & Development,Research Scientist,1,Pune,6,43972,No,1,3,3,10,5,2,No
1136,43,Male,Married,Bachelor,Sales,Sales Representative,2,Pune,21,77422,No,3,2,3,3,1,1,No
1137,42,Male,Married,Diploma,Operations,Operations Manager,3,Nagpur,35,150805,No,4,3,3,7,2,1,No
1138,35,Female,Single,Master,Finance,Financial Analyst,2,Hyderabad,11,63523,Yes,2,2,3,3,3,3,No
1139,29,Female,Married,Master,Sales,Sales Representative,2,Pune,10,89233,No,4,4,3,8,4,2,No
1140,35,Male,Single,Bachelor,Sales,Sales Executive,1,Mumbai,8,38494,No,3,3,3,6,3,5,No
1141,24,Male,Married,Bachelor,IT,Software Engineer,1,Bengaluru,26,28661,No,4,3,4,1,1,5,Yes
1142,37,Male,Married,Master,Research & Development,Research Director,3,Nagpur,8,103213,No,4,2,3,2,1,3,No
1143,41,Male,Married,Bachelor,Research & Development,Research Director,3,Bengaluru,7,158702,Yes,2,4,2,7,2,2,No
1144,29,Male,Single,Master,Research & Development,Research Scientist,1,Mumbai,8,42174,Yes,2,3,2,6,3,1,No
1145,38,Male,Married,Master,IT,Data Analyst,2,Bengaluru,3,103828,No,3,4,4,12,1,0,No
1146,28,Male,Single,Diploma,Sales,Sales Representative,2,Mumbai,3,62054,Yes,3,3,3,2,2,0,No
1147,31,Male,Married,Master,Operations,Supervisor,2,Pune,25,83662,Yes,2,3,3,9,1,6,Yes
1148,35,Male,Single,Bachelor,Finance,Financial Analyst,2,Pune,15,68374,Yes,4,4,3,0,0,3,No
1149,32,Female,Married,Bachelor,IT,Software Engineer,1,Hyderabad,7,26166,No,3,3,3,2,1,4,No
1150,34,Male,Married,Bachelor,Sales,Sales Representative,2,Mumbai,5,79235,No,3,3,3,10,1,5,No
1151,23,Male,Married,Bachelor,Sales,Sales Executive,1,Nagpur,2,29805,No,3,1,3,2,0,0,No
1152,21,Female,Single,Diploma,Research & Development,Research Scientist,1,Nagpur,32,33154,No,1,4,3,0,0,1,No
1153,40,Female,Single,Master,Sales,Sales Manager,3,Pune,3,127896,No,3,2,3,3,1,3,No
1154,28,Male,Married,Master,Operations,Operations Associate,1,Mumbai,57,38839,Yes,3,4,3,6,2,4,Yes
1155,33,Male,Single,Bachelor,Sales,Sales Manager,3,Nagpur,17,185152,Yes,4,2,4,12,2,2,Yes
1156,36,Male,Married,Bachelor,Sales,Sales Manager,3,Hyderabad,17,159016,Yes,3,3,3,11,5,3,No
1157,37,Male,Single,Diploma,Human Resources,HR Executive,1,Hyderabad,11,39090,No,2,3,3,3,2,3,No
1158,30,Female,Single,Master,Sales,Sales Representative,2,Bengaluru,28,78988,Yes,4,3,3,4,3,4,Yes
1159,21,Male,Single,Diploma,Sales,Sales Executive,1,Pune,34,29669,No,1,2,3,0,0,1,Yes
1160,25,Male,Married,PhD,Human Resources,HR Executive,1,Nagpur,9,31057,No,1,3,3,4,3,3,No
1161,37,Female,Single,Bachelor,Sales,Sales Representative,2,Hyderabad,3,63297,Yes,4,3,3,1,1,2,Yes
1162,26,Female,Single,Bachelor,Sales,Sales Executive,1,Mumbai,20,39349,No,4,4,3,2,0,3,Yes
1163,25,Female,Married,Bachelor,Research & Development,Research Scientist,1,Nagpur,3,27604,No,2,2,3,1,1,4,No
1164,30,Male,Married,Bachelor,Sales,Sales Executive,1,Bengaluru,4,34333,No,3,4,2,0,0,1,No
1165,34,Male,Single,Bachelor,IT,Data Analyst,2,Mumbai,4,81293,No,3,4,3,7,0,6,No
1166,25,Male,Single,Master,Research & Development,Research Scientist,1,Mumbai,3,26922,No,3,3,2,1,1,2,No
1167,44,Female,Single,Master,Operations,Supervisor,2,Bengaluru,9,98943,Yes,3,2,2,10,0,2,No
1168,31,Male,Married,Master,Finance,Accountant,1,Pune,11,26173,Yes,4,3,4,1,1,4,Yes
1169,34,Female,Married,Diploma,Sales,Sales Executive,1,Hyderabad,5,30747,No,2,3,3,3,1,5,No
1170,27,Male,Single,Bachelor,IT,Software Engineer,1,Pune,5,40610,Yes,2,3,4,2,2,0,No
1171,34,Female,Married,Bachelor,Research & Development,Lab Technician,2,Hyderabad,13,51043,No,3,1,2,0,0,3,No
1172,23,Female,Single,PhD,Research & Development,Research Scientist,1,Pune,8,34561,No,3,3,3,0,0,4,No
1173,33,Female,Married,Bachelor,Sales,Sales Executive,1,Nagpur,20,35851,No,3,3,4,1,1,0,No
1174,31,Male,Married,Diploma,Research & Development,Research Scientist,1,Nagpur,6,33249,Yes,1,3,3,0,0,6,Yes
1175,29,Female,Married,Bachelor,Sales,Sales Executive,1,Nagpur,9,47321,Yes,1,2,3,8,3,5,No
1176,35,Male,Married,Master,Research & Development,Lab Technician,2,Nagpur,7,56333,Yes,1,3,3,5,2,4,No
1177,24,Male,Single,Bachelor,IT,Software Engineer,1,Mumbai,8,32452,No,1,4,3,2,2,4,No
1178,44,Female,Married,Bachelor,Research & Development,Research Director,3,Mumbai,6,189550,Yes,1,3,4,23,0,4,No
1179,21,Female,Single,Master,Operations,Operations Associate,1,Mumbai,15,36187,No,2,3,3,0,0,3,No
1180,22,Female,Single,Master,Sales,Sales Executive,1,Pune,2,30940,Yes,3,2,4,1,1,6,Yes
1181,28,Male,Single,Bachelor,Research & Development,Research Scientist,1,Nagpur,2,29050,No,4,3,4,0,0,0,Yes
1182,29,Male,Married,Bachelor,Operations,Supervisor,2,Mumbai,9,87469,No,3,2,3,8,3,5,No
1183,21,Female,Married,Bachelor,Research & Development,Research Scientist,1,Pune,2,34499,No,3,3,3,0,0,4,No
1184,26,Female,Married,Master,Human Resources,HR Executive,1,Hyderabad,22,35693,No,3,3,4,2,2,2,No
1185,40,Male,Married,Master,Operations,Operations Manager,3,Mumbai,33,118757,No,3,2,3,3,2,3,Yes
1186,37,Male,Married,Bachelor,Research & Development,Research Scientist,1,Pune,8,38406,Yes,2,3,3,1,1,2,No
1187,26,Male,Married,Bachelor,Finance,Financial Analyst,2,Mumbai,1,79731,No,4,2,4,5,4,6,No
1188,23,Male,Married,Bachelor,Sales,Sales Executive,1,Bengaluru,20,38033,No,4,4,4,2,2,5,No
1189,27,Female,Married,Master,Research & Development,Lab Technician,2,Pune,7,53457,No,2,4,2,1,1,6,No
1190,27,Female,Married,Master,Sales,Sales Representative,2,Mumbai,12,83852,No,2,3,4,3,3,2,Yes
1191,36,Male,Married,Bachelor,Operations,Supervisor,2,Pune,8,60643,No,1,1,3,8,2,5,No
1192,30,Male,Single,Bachelor,Research & Development,Research Scientist,1,Hyderabad,9,28005,No,4,3,3,1,1,2,Yes
1193,44,Male,Single,Master,Research & Development,Lab Technician,2,Bengaluru,24,81700,Yes,4,2,3,15,1,6,Yes
1194,47,Male,Married,Diploma,Research & Development,Research Director,3,Bengaluru,9,107601,Yes,1,3,4,1,1,3,Yes
1195,29,Female,Married,Master,Sales,Sales Executive,1,Hyderabad,10,45242,No,4,4,3,8,3,6,No
1196,32,Female,Divorced,Master,IT,IT Manager,3,Mumbai,25,188358,Yes,4,3,3,11,1,4,No
1197,23,Female,Single,Bachelor,Research & Development,Research Scientist,1,Hyderabad,8,37385,No,2,2,3,2,2,0,Yes
1198,24,Male,Married,Bachelor,Sales,Sales Executive,1,Bengaluru,3,39531,No,3,3,2,3,2,6,No
1199,27,Female,Single,Bachelor,Operations,Operations Associate,1,Bengaluru,5,28732,Yes,3,3,3,6,2,4,Yes
1200,31,Male,Married,Bachelor,Sales,Sales Executive,1,Bengaluru,19,26063,No,1,3,3,0,0,6,No
1201,34,Male,Married,Bachelor,Finance,Financial Analyst,2,Pune,2,76740,No,3,3,3,5,1,1,No
1202,33,Female,Married,Bachelor,Sales,Sales Representative,2,Nagpur,8,79538,Yes,2,3,3,5,2,6,Yes
1203,31,Male,Single,Master,Finance,Accountant,1,Nagpur,4,33430,Yes,3,3,3,1,1,2,Yes
1204,28,Male,Married,Master,Operations,Operations Associate,1,Mumbai,16,46726,Yes,4,4,4,7,1,6,No
1205,32,Male,Married,Diploma,Research & Development,Research Scientist,1,Mumbai,12,36647,No,2,3,4,2,2,1,No
1206,26,Male,Married,Bachelor,Research & Development,Research Scientist,1,Mumbai,4,38979,Yes,3,3,4,1,1,1,No
1207,29,Male,Single,Bachelor,Human Resources,HR Executive,1,Mumbai,18,28391,Yes,3,2,4,2,1,3,No
1208,21,Female,Single,Bachelor,Research & Development,Research Scientist,1,Pune,13,29939,No,1,3,3,0,0,6,Yes
1209,29,Male,Married,Bachelor,Sales,Sales Executive,1,Mumbai,22,28439,No,3,2,3,3,2,0,Yes
1210,21,Male,Single,Bachelor,Sales,Sales Executive,1,Pune,1,29094,Yes,3,3,4,0,0,0,Yes
1211,26,Male,Single,Master,Research & Development,Research Scientist,1,Mumbai,3,31923,No,1,3,3,5,1,0,No
1212,41,Female,Married,Bachelor,IT,IT Manager,3,Bengaluru,7,109599,No,4,3,4,0,0,4,No
1213,25,Male,Married,Master,Research & Development,Research Scientist,1,Nagpur,5,40793,No,2,4,3,4,3,4,No
1214,35,Female,Single,Bachelor,Sales,Sales Representative,2,Mumbai,16,62067,No,3,3,3,9,2,4,No
1215,22,Female,Single,Bachelor,Research & Development,Research Scientist,1,Mumbai,8,27600,Yes,2,3,3,1,1,0,Yes
1216,41,Female,Divorced,Bachelor,Research & Development,Research Director,3,Pune,19,136310,No,2,3,4,6,3,2,No
1217,37,Male,Married,Master,Research & Development,Research Director,3,Bengaluru,9,171780,No,1,3,4,16,3,5,Yes
1218,27,Female,Married,Bachelor,Research & Development,Research Scientist,1,Hyderabad,7,31109,No,1,4,2,0,0,1,No
1219,33,Male,Single,Bachelor,Research & Development,Lab Technician,2,Pune,25,87890,No,2,3,3,9,5,3,No
1220,43,Male,Single,Bachelor,Research & Development,Research Director,3,Pune,1,133973,Yes,3,2,4,0,0,0,Yes
1221,34,Female,Single,Diploma,Finance,Accountant,1,Mumbai,14,31991,No,1,3,3,3,1,3,No
1222,27,Male,Single,Master,IT,Software Engineer,1,Bengaluru,5,27836,No,1,3,3,0,0,4,Yes
1223,32,Female,Married,Bachelor,Research & Development,Lab Technician,2,Mumbai,34,82470,Yes,2,3,3,4,1,3,No
1224,30,Female,Single,PhD,Finance,Accountant,1,Bengaluru,12,43545,No,3,3,3,9,5,6,Yes
1225,30,Male,Single,Bachelor,Research & Development,Lab Technician,2,Bengaluru,13,79811,Yes,4,3,2,2,0,0,Yes
1226,35,Male,Married,Master,Human Resources,HR Manager,2,Hyderabad,14,83082,Yes,1,3,3,14,4,3,No
1227,40,Female,Married,Master,Sales,Sales Representative,2,Hyderabad,60,68639,No,1,3,4,9,1,3,No
1228,34,Male,Single,Bachelor,Sales,Sales Executive,1,Mumbai,10,32528,Yes,4,4,3,0,0,5,Yes
1229,30,Female,Single,Bachelor,IT,Software Engineer,1,Bengaluru,26,38975,No,4,2,3,5,1,5,No
1230,27,Male,Single,Master,Research & Development,Research Scientist,1,Bengaluru,7,31829,No,2,3,4,0,0,1,No
1231,27,Female,Single,Bachelor,Human Resources,HR Executive,1,Bengaluru,10,36744,No,4,1,3,1,1,1,No
1232,29,Male,Single,Master,Sales,Sales Executive,1,Hyderabad,12,34509,No,2,3,3,3,2,3,Yes
1233,33,Female,Single,Bachelor,Sales,Sales Executive,1,Nagpur,27,31859,No,1,2,4,4,1,3,Yes
1234,25,Female,Divorced,Master,Research & Development,Research Scientist,1,Hyderabad,8,26234,No,1,4,3,0,0,4,Yes
1235,25,Male,Married,Diploma,Sales,Sales Executive,1,Hyderabad,6,30875,No,4,3,3,4,3,3,No
1236,26,Female,Divorced,Diploma,Sales,Sales Executive,1,Nagpur,23,32350,No,4,1,3,1,1,1,Yes
1237,27,Male,Married,Master,Research & Development,Research Scientist,1,Hyderabad,25,31382,Yes,4,2,2,1,1,0,No
1238,31,Male,Married,Bachelor,IT,Software Engineer,1,Mumbai,1,46971,Yes,2,1,2,9,3,3,No
1239,34,Female,Single,Master,Sales,Sales Representative,2,Pune,5,73906,Yes,3,4,3,2,2,1,No
1240,24,Male,Married,Bachelor,IT,Software Engineer,1,Bengaluru,4,39589,Yes,3,1,3,3,3,2,No
1241,22,Male,Divorced,Bachelor,Sales,Sales Executive,1,Pune,4,34346,No,4,3,3,1,1,1,Yes
1242,37,Male,Single,Bachelor,Operations,Supervisor,2,Mumbai,23,76672,Yes,4,3,4,7,0,0,No
1243,29,Male,Married,Bachelor,Finance,Accountant,1,Mumbai,11,30851,No,1,2,3,2,0,1,No
1244,22,Male,Single,Bachelor,Sales,Sales Executive,1,Pune,15,26642,No,4,4,3,1,1,5,No
1245,36,Female,Single,Master,Operations,Operations Associate,1,Bengaluru,15,24523,Yes,3,2,3,0,0,1,Yes
1246,42,Female,Divorced,Bachelor,Finance,Finance Manager,3,Nagpur,13,162652,No,2,3,4,9,2,1,No
1247,36,Male,Single,Diploma,Research & Development,Lab Technician,2,Hyderabad,27,57792,No,4,2,3,3,2,2,No
1248,27,Male,Single,Bachelor,Human Resources,HR Executive,1,Bengaluru,3,30399,No,3,2,4,3,1,0,No
1249,28,Female,Single,Bachelor,IT,Data Analyst,2,Mumbai,6,53511,No,3,4,3,3,1,5,No
1250,37,Female,Single,Master,Research & Development,Research Director,3,Pune,9,133288,No,2,3,3,5,2,3,No
1251,28,Male,Single,Bachelor,Sales,Sales Executive,1,Bengaluru,5,37744,No,4,4,3,0,0,4,No
1252,29,Male,Single,Bachelor,Research & Development,Research Scientist,1,Mumbai,28,32385,Yes,1,3,4,2,2,3,Yes
1253,33,Male,Married,Bachelor,Research & Development,Lab Technician,2,Hyderabad,1,67947,No,3,3,3,0,0,3,No
1254,26,Male,Single,Master,IT,Software Engineer,1,Mumbai,12,29922,No,1,3,3,0,0,2,No
1255,32,Female,Single,Bachelor,Sales,Sales Executive,1,Hyderabad,9,38834,No,1,2,3,3,2,3,Yes
1256,34,Male,Married,Bachelor,IT,Data Analyst,2,Hyderabad,12,68062,No,4,4,3,1,1,2,No
1257,31,Male,Married,Master,Research & Development,Research Scientist,1,Bengaluru,22,33105,No,3,3,4,8,0,5,No
1258,31,Female,Single,Master,Sales,Sales Executive,1,Pune,13,32829,No,1,2,4,3,2,5,No
1259,27,Female,Single,Bachelor,IT,Software Engineer,1,Bengaluru,8,37981,Yes,3,4,3,1,1,1,No
1260,35,Female,Single,Bachelor,Sales,Sales Manager,3,Bengaluru,13,125077,Yes,2,1,3,3,1,5,Yes
1261,26,Male,Married,Bachelor,Human Resources,HR Executive,1,Mumbai,5,42179,Yes,2,2,3,4,2,1,No
1262,22,Male,Married,Bachelor,Sales,Sales Executive,1,Hyderabad,19,34225,Yes,3,3,3,1,0,1,Yes
1263,41,Male,Married,Bachelor,IT,Data Analyst,2,Hyderabad,4,68884,No,3,3,4,3,3,5,No
1264,27,Male,Married,Bachelor,Human Resources,HR Executive,1,Pune,10,43975,No,2,2,3,6,1,1,No
1265,35,Male,Married,Bachelor,Sales,Sales Representative,2,Bengaluru,14,87690,No,3,1,3,12,1,0,Yes
1266,37,Male,Married,Bachelor,Operations,Operations Associate,1,Mumbai,4,39927,Yes,3,2,3,1,1,2,No
1267,25,Female,Married,Master,Research & Development,Research Scientist,1,Hyderabad,12,30029,No,4,3,3,1,1,2,Yes
1268,26,Male,Married,Master,Human Resources,HR Manager,2,Pune,2,76081,Yes,4,3,3,0,0,1,No
1269,26,Male,Single,Bachelor,Human Resources,HR Executive,1,Nagpur,13,29349,Yes,2,3,4,1,1,1,Yes
1270,28,Male,Divorced,Bachelor,Sales,Sales Representative,2,Pune,7,83808,Yes,3,2,3,4,1,5,Yes
1271,37,Female,Divorced,Diploma,Research & Development,Lab Technician,2,Hyderabad,13,74918,No,1,3,3,9,2,2,No
1272,28,Male,Married,Bachelor,Sales,Sales Executive,1,Mumbai,3,44760,Yes,3,4,3,7,2,0,No
1273,38,Female,Married,Bachelor,Operations,Operations Manager,3,Bengaluru,5,123643,Yes,1,4,2,9,0,1,No
1274,41,Male,Single,Diploma,Sales,Sales Manager,3,Pune,20,140239,Yes,1,3,3,6,1,2,Yes
1275,32,Male,Married,Bachelor,Sales,Sales Representative,2,Bengaluru,28,74686,Yes,2,2,3,5,3,1,Yes
1276,29,Female,Married,Master,Finance,Accountant,1,Hyderabad,6,28524,No,3,2,4,2,1,4,No
1277,47,Female,Married,Master,Finance,Finance Manager,3,Mumbai,10,146720,Yes,4,4,3,5,2,2,Yes
1278,30,Male,Married,Master,IT,Data Analyst,2,Pune,9,98732,Yes,2,2,3,9,3,4,No
1279,22,Male,Single,Bachelor,Operations,Operations Associate,1,Pune,3,25338,No,3,3,2,1,1,4,Yes
1280,29,Male,Married,Master,Sales,Sales Representative,2,Pune,7,88372,No,3,4,3,8,1,1,No
1281,32,Female,Married,Bachelor,Human Resources,HR Executive,1,Mumbai,10,44906,No,4,3,3,11,3,6,No
1282,44,Female,Married,Bachelor,Operations,Operations Manager,3,Mumbai,60,183167,No,2,3,3,16,2,1,No
1283,29,Male,Married,Master,Sales,Sales Executive,1,Pune,9,30955,No,3,2,3,0,0,3,No
1284,25,Female,Single,Bachelor,Sales,Sales Executive,1,Bengaluru,18,38826,No,2,3,3,3,0,1,No
1285,28,Female,Single,Master,Sales,Sales Executive,1,Nagpur,5,44742,No,2,3,3,6,2,4,No
1286,39,Female,Married,Master,Sales,Sales Manager,3,Pune,12,113803,No,3,1,3,2,1,6,No
1287,29,Male,Married,Diploma,Research & Development,Research Scientist,1,Nagpur,18,37230,No,1,3,2,1,1,0,No
1288,33,Male,Married,PhD,Sales,Sales Representative,2,Bengaluru,9,67832,No,4,4,3,5,2,0,No
1289,37,Female,Single,Diploma,Sales,Sales Executive,1,Mumbai,5,27232,No,4,3,3,2,2,1,No
1290,33,Male,Single,Diploma,Research & Development,Research Scientist,1,Bengaluru,2,39573,No,2,4,3,10,3,3,No
1291,21,Male,Married,Bachelor,Research & Development,Research Scientist,1,Bengaluru,3,32976,No,3,2,4,0,0,0,Yes
1292,27,Male,Single,Master,Research & Development,Research Scientist,1,Pune,19,29345,Yes,4,2,3,5,1,1,No
1293,27,Male,Single,PhD,Sales,Sales Executive,1,Mumbai,2,39644,No,2,3,3,5,3,4,No
1294,36,Male,Married,Master,Research & Development,Lab Technician,2,Nagpur,17,63949,Yes,4,4,3,0,0,2,No
1295,38,Male,Married,Bachelor,Research & Development,Lab Technician,2,Hyderabad,17,78077,Yes,3,2,3,6,1,1,No
1296,30,Male,Single,Bachelor,IT,Data Analyst,2,Nagpur,3,64258,No,1,3,3,5,4,0,No
1297,25,Male,Married,Bachelor,Sales,Sales Executive,1,Pune,15,40311,Yes,4,3,2,4,1,2,Yes
1298,28,Female,Married,Master,IT,Software Engineer,1,Bengaluru,3,43190,Yes,3,3,3,5,2,2,No
1299,30,Female,Divorced,Bachelor,Research & Development,Research Scientist,1,Nagpur,6,35242,Yes,1,4,4,0,0,0,No
1300,27,Male,Divorced,Master,Sales,Sales Executive,1,Bengaluru,21,32257,No,3,2,3,0,0,0,Yes
1301,31,Female,Divorced,Master,IT,Software Engineer,1,Hyderabad,13,33196,No,3,4,3,6,5,2,No
1302,42,Male,Divorced,PhD,IT,IT Manager,3,Nagpur,7,133675,No,1,3,3,1,1,6,Yes
1303,21,Male,Married,Bachelor,Sales,Sales Manager,3,Hyderabad,19,101354,No,2,1,3,0,0,5,No
1304,21,Female,Married,Master,Operations,Operations Associate,1,Bengaluru,17,34360,Yes,1,3,3,0,0,5,Yes
1305,35,Female,Married,Master,Human Resources,HR Manager,2,Pune,10,57776,No,3,3,3,5,1,0,No
1306,29,Male,Single,Bachelor,Research & Development,Lab Technician,2,Mumbai,31,80365,No,2,3,3,4,1,4,No
1307,30,Male,Single,Bachelor,Research & Development,Research Scientist,1,Nagpur,11,29748,Yes,4,4,4,3,0,3,Yes
1308,36,Male,Single,Bachelor,Sales,Sales Representative,2,Mumbai,11,88648,No,4,3,3,10,1,0,No
1309,31,Female,Single,Master,Sales,Sales Executive,1,Hyderabad,15,38998,No,3,1,3,3,1,1,Yes
1310,35,Male,Married,Diploma,Operations,Supervisor,2,Nagpur,15,79567,Yes,1,3,3,3,3,5,Yes
1311,29,Male,Married,Master,Operations,Operations Associate,1,Hyderabad,2,30986,Yes,4,2,3,0,0,5,No
1312,35,Male,Single,Bachelor,Sales,Sales Manager,3,Nagpur,13,150059,No,3,2,4,4,0,1,No
1313,43,Male,Married,Bachelor,Sales,Sales Representative,2,Hyderabad,12,74038,Yes,3,2,2,5,1,0,Yes
1314,26,Female,Married,Bachelor,IT,Software Engineer,1,Pune,8,42003,Yes,4,3,3,3,3,0,No
1315,27,Male,Single,Master,Research & Development,Research Scientist,1,Bengaluru,8,34980,No,4,4,4,6,1,6,No
1316,21,Female,Married,Master,Sales,Sales Executive,1,Pune,43,33391,Yes,1,2,4,0,0,5,No
1317,41,Female,Single,Bachelor,Finance,Finance Manager,3,Nagpur,10,103650,Yes,3,3,2,0,0,3,Yes
1318,23,Female,Single,Diploma,Sales,Sales Executive,1,Pune,8,38290,No,3,3,3,2,1,0,No
1319,23,Female,Single,Diploma,Research & Development,Research Scientist,1,Nagpur,5,34389,No,1,4,3,1,0,1,No
1320,31,Male,Single,Master,Sales,Sales Executive,1,Bengaluru,20,43035,No,2,1,3,10,1,0,No
1321,40,Female,Divorced,Diploma,Sales,Sales Representative,2,Nagpur,22,64832,Yes,4,3,3,3,1,2,No
1322,25,Male,Single,Bachelor,Sales,Sales Executive,1,Mumbai,9,28839,Yes,3,3,3,4,1,1,No
1323,23,Male,Single,Bachelor,Sales,Sales Executive,1,Pune,11,28895,No,4,3,3,0,0,4,No
1324,31,Female,Married,Bachelor,Sales,Sales Executive,1,Hyderabad,20,33785,No,3,3,3,0,0,2,No
1325,42,Male,Single,Bachelor,Operations,Supervisor,2,Pune,14,74031,No,2,3,3,2,1,5,No
1326,27,Male,Married,PhD,Research & Development,Research Scientist,1,Nagpur,15,40309,No,2,1,4,6,0,3,No
1327,42,Male,Married,Bachelor,Research & Development,Lab Technician,2,Mumbai,3,70797,Yes,3,2,3,3,2,3,No
1328,28,Male,Married,Master,Research & Development,Lab Technician,2,Nagpur,5,58116,Yes,4,2,2,3,3,5,No
1329,40,Male,Married,Bachelor,Research & Development,Research Director,3,Nagpur,8,198987,No,4,1,4,19,0,6,Yes
1330,32,Male,Married,Bachelor,Research & Development,Research Scientist,1,Bengaluru,23,28026,No,1,4,3,0,0,4,No
1331,39,Female,Married,Bachelor,Operations,Operations Manager,3,Mumbai,23,144685,Yes,4,2,3,8,3,6,No
1332,24,Male,Married,Bachelor,Operations,Operations Associate,1,Bengaluru,1,40306,Yes,3,2,4,3,2,4,No
1333,21,Male,Married,Bachelor,Operations,Operations Associate,1,Mumbai,20,37583,No,3,2,3,0,0,1,No
1334,23,Male,Married,Bachelor,Sales,Sales Executive,1,Nagpur,8,39260,No,3,2,3,2,2,4,No
1335,31,Female,Single,Bachelor,IT,Software Engineer,1,Mumbai,26,35296,Yes,4,2,3,0,0,4,No
1336,37,Female,Single,Bachelor,Research & Development,Research Scientist,1,Mumbai,6,35573,No,2,3,4,16,2,5,Yes
1337,33,Male,Married,Bachelor,IT,Software Engineer,1,Nagpur,3,33832,No,4,2,2,2,0,6,No
1338,26,Male,Divorced,Bachelor,Research & Development,Research Scientist,1,Bengaluru,9,42337,No,3,4,4,5,2,2,No
1339,34,Male,Married,Bachelor,Research & Development,Lab Technician,2,Pune,3,92719,No,3,2,3,11,2,4,No
1340,44,Male,Married,PhD,Sales,Sales Representative,2,Bengaluru,22,101827,No,2,3,3,14,5,3,No
1341,39,Female,Single,Master,Sales,Sales Manager,3,Nagpur,8,150919,No,4,3,3,13,2,0,No
1342,39,Male,Single,Master,Sales,Sales Representative,2,Pune,4,69563,Yes,2,4,3,1,0,1,Yes
1343,41,Male,Single,Bachelor,Research & Development,Research Director,3,Mumbai,4,112677,Yes,1,3,3,0,0,6,Yes
1344,31,Male,Married,Bachelor,Finance,Accountant,1,Nagpur,6,38629,No,1,4,3,10,2,5,No
1345,29,Female,Divorced,Master,Research & Development,Lab Technician,2,Nagpur,8,62823,No,3,3,4,1,1,3,No
1346,31,Male,Single,Master,Sales,Sales Executive,1,Mumbai,1,36413,Yes,2,1,3,10,1,3,No
1347,41,Male,Married,Bachelor,Sales,Sales Representative,2,Mumbai,9,75755,Yes,2,3,3,1,0,3,Yes
1348,38,Male,Married,Master,Sales,Sales Manager,3,Bengaluru,10,186851,Yes,1,3,3,14,1,0,No
1349,27,Male,Single,Master,Sales,Sales Executive,1,Nagpur,7,35063,No,3,3,3,1,1,2,No
1350,33,Female,Married,Bachelor,Sales,Sales Representative,2,Hyderabad,51,65199,No,3,2,3,1,1,5,No
1351,30,Male,Single,Master,IT,IT Manager,3,Hyderabad,20,143267,Yes,4,3,3,9,1,6,Yes
1352,39,Female,Single,Bachelor,IT,Data Analyst,2,Hyderabad,8,90003,Yes,1,4,3,12,5,3,No
1353,24,Male,Married,Diploma,Research & Development,Research Scientist,1,Pune,9,37175,No,4,3,2,1,1,1,No
1354,35,Male,Single,Diploma,IT,Software Engineer,1,Pune,2,32681,No,1,2,3,2,2,0,No
1355,36,Male,Divorced,Master,Operations,Operations Associate,1,Bengaluru,8,31137,No,2,3,3,0,0,2,No
1356,22,Male,Married,Diploma,Research & Development,Research Scientist,1,Mumbai,9,35832,No,4,3,3,1,1,4,No
1357,26,Male,Single,Master,Research & Development,Research Scientist,1,Pune,11,34920,No,1,2,3,5,0,5,No
1358,29,Female,Married,Master,Sales,Sales Representative,2,Pune,13,70577,Yes,4,3,3,3,2,3,No
1359,32,Female,Divorced,Master,Research & Development,Research Scientist,1,Mumbai,1,36980,Yes,2,3,3,4,4,6,Yes
1360,22,Male,Single,Master,Research & Development,Research Scientist,1,Pune,15,30197,No,1,3,3,1,1,0,Yes
1361,26,Male,Single,Master,Research & Development,Research Scientist,1,Mumbai,5,44108,No,2,3,3,5,2,2,No
1362,33,Female,Divorced,Bachelor,Sales,Sales Executive,1,Bengaluru,7,31164,No,4,3,4,0,0,3,No
1363,42,Male,Married,Master,IT,IT Manager,3,Nagpur,16,125506,Yes,2,4,3,6,3,5,No
1364,32,Male,Single,Master,Human Resources,HR Manager,2,Hyderabad,14,68400,No,4,3,3,5,3,3,No
1365,26,Male,Divorced,Bachelor,IT,Software Engineer,1,Pune,16,28491,No,3,2,3,4,3,1,No
1366,31,Female,Married,PhD,Research & Development,Research Scientist,1,Nagpur,7,28752,No,3,1,2,0,0,6,Yes
1367,39,Female,Married,Bachelor,Sales,Sales Manager,3,Hyderabad,1,207755,No,3,4,3,17,1,6,Yes
1368,34,Female,Single,PhD,Research & Development,Research Scientist,1,Mumbai,7,32300,No,4,3,3,0,0,2,No
1369,21,Male,Single,Bachelor,Human Resources,HR Executive,1,Mumbai,14,25540,No,4,4,3,0,0,0,No
1370,39,Male,Single,PhD,Operations,Operations Manager,3,Pune,4,120495,No,4,2,3,9,1,1,Yes
1371,27,Female,Divorced,Bachelor,Sales,Sales Executive,1,Nagpur,9,33693,No,4,3,3,6,1,4,No
1372,37,Female,Married,Master,Finance,Financial Analyst,2,Pune,6,64267,No,4,3,3,1,1,1,No
1373,33,Male,Single,Bachelor,Sales,Sales Executive,1,Pune,11,29062,Yes,4,3,3,0,0,0,Yes
1374,28,Female,Single,PhD,IT,Software Engineer,1,Hyderabad,29,32854,No,3,2,3,5,2,2,No
1375,30,Female,Single,Master,IT,Software Engineer,1,Mumbai,21,41210,No,3,3,4,6,5,5,Yes
1376,30,Female,Married,Master,Human Resources,HR Executive,1,Bengaluru,12,34396,No,4,3,3,3,0,1,No
1377,36,Male,Married,Bachelor,Operations,Operations Manager,3,Pune,7,153513,Yes,3,3,3,15,4,0,No
1378,37,Female,Married,Bachelor,IT,Data Analyst,2,Bengaluru,14,66700,No,4,3,3,0,0,3,No
1379,33,Male,Married,Diploma,IT,Software Engineer,1,Mumbai,16,28789,Yes,4,2,3,0,0,4,No
1380,28,Female,Married,Bachelor,IT,Software Engineer,1,Mumbai,13,38807,No,2,3,3,0,0,4,Yes
1381,46,Female,Married,Bachelor,Research & Development,Research Director,3,Pune,5,108789,No,4,3,4,1,1,0,No
1382,33,Female,Married,Master,IT,Data Analyst,2,Nagpur,8,103325,No,4,2,3,12,1,0,No
1383,28,Female,Single,Master,Finance,Accountant,1,Pune,1,43879,No,3,3,2,6,1,4,No
1384,26,Male,Single,Master,Research & Development,Research Scientist,1,Nagpur,2,28419,Yes,2,4,3,5,3,6,Yes
1385,49,Male,Divorced,Bachelor,Sales,Sales Manager,3,Hyderabad,9,128701,Yes,4,1,3,3,2,3,Yes
1386,25,Male,Married,Bachelor,Sales,Sales Executive,1,Hyderabad,10,37899,No,4,4,4,4,1,4,No
1387,34,Female,Married,Master,IT,IT Manager,3,Pune,8,174402,No,2,3,3,8,1,3,No
1388,28,Male,Single,Diploma,IT,Software Engineer,1,Nagpur,2,37473,No,2,4,3,0,0,1,No
1389,21,Male,Single,Master,Research & Development,Research Scientist,1,Pune,3,33872,No,2,4,3,0,0,5,Yes
1390,21,Male,Divorced,Bachelor,Sales,Sales Executive,1,Pune,6,33718,No,1,1,3,0,0,4,Yes
1391,40,Female,Single,Diploma,Sales,Sales Manager,3,Bengaluru,6,141357,No,2,2,3,8,5,4,No
1392,29,Female,Single,Bachelor,Research & Development,Lab Technician,2,Nagpur,7,66116,No,2,3,3,8,2,1,No
1393,28,Male,Married,Bachelor,Operations,Operations Associate,1,Hyderabad,6,45083,No,4,2,4,6,2,0,No
1394,21,Male,Married,Master,Sales,Sales Executive,1,Pune,26,32754,No,3,1,3,0,0,6,Yes
1395,22,Male,Single,Master,Sales,Sales Executive,1,Bengaluru,10,26433,Yes,2,1,3,1,1,5,Yes
1396,26,Male,Single,Bachelor,Operations,Operations Associate,1,Pune,22,42852,No,2,2,3,5,2,0,No
1397,34,Male,Single,Master,Operations,Operations Manager,3,Hyderabad,10,141716,No,4,1,3,0,0,0,No
1398,29,Male,Married,Bachelor,Operations,Operations Associate,1,Hyderabad,5,26971,No,3,3,3,1,1,5,No
1399,25,Male,Married,Master,Research & Development,Lab Technician,2,Nagpur,11,64600,No,4,3,3,4,3,6,No
1400,29,Male,Single,Bachelor,IT,Data Analyst,2,Pune,4,61340,No,3,3,4,8,1,0,Yes
1401,43,Male,Divorced,Bachelor,Research & Development,Research Director,3,Bengaluru,5,110724,No,2,3,4,7,1,4,Yes
1402,37,Male,Married,Bachelor,Sales,Sales Representative,2,Nagpur,15,52360,No,4,3,3,0,0,6,No
1403,26,Female,Divorced,PhD,Research & Development,Research Scientist,1,Pune,3,38966,Yes,4,3,3,2,2,6,No
1404,21,Male,Married,Diploma,Research & Development,Research Scientist,1,Pune,12,32288,No,3,3,3,0,0,4,No
1405,35,Male,Married,Master,IT,Software Engineer,1,Bengaluru,5,38060,Yes,2,4,3,1,0,5,Yes
1406,25,Male,Single,Master,Human Resources,HR Executive,1,Mumbai,17,28423,No,3,3,4,4,4,2,No
1407,25,Male,Divorced,Diploma,Finance,Accountant,1,Mumbai,6,30324,Yes,3,1,3,3,3,0,Yes
1408,43,Male,Married,Bachelor,Sales,Sales Manager,3,Mumbai,10,126189,Yes,2,4,3,3,2,4,No
1409,31,Female,Single,Master,Research & Development,Research Scientist,1,Nagpur,7,40390,No,3,2,3,4,3,2,No
1410,34,Male,Married,Master,Human Resources,HR Manager,2,Pune,1,65341,No,2,4,3,0,0,6,No
1411,35,Female,Married,Bachelor,Sales,Sales Manager,3,Pune,1,109176,No,2,1,3,1,0,1,Yes
1412,24,Male,Married,Bachelor,Research & Development,Research Scientist,1,Hyderabad,9,27761,Yes,4,3,3,1,0,3,Yes
1413,27,Male,Married,Master,Research & Development,Lab Technician,2,Hyderabad,14,50505,No,1,3,3,0,0,0,No
1414,32,Male,Married,Master,IT,Software Engineer,1,Nagpur,8,30969,No,3,3,2,6,2,3,No
1415,30,Female,Married,Bachelor,Operations,Supervisor,2,Nagpur,2,65757,No,4,4,4,3,0,2,No
1416,33,Male,Married,Bachelor,Research & Development,Lab Technician,2,Pune,6,93548,Yes,3,1,3,12,2,1,Yes
1417,30,Female,Married,Bachelor,Sales,Sales Representative,2,Nagpur,12,61703,No,3,3,4,3,0,1,No
1418,27,Female,Single,Bachelor,IT,Software Engineer,1,Pune,6,36211,No,4,2,2,0,0,4,No
1419,32,Female,Divorced,Bachelor,Sales,Sales Representative,2,Bengaluru,7,95709,No,2,4,4,8,4,2,No
1420,27,Male,Divorced,Bachelor,Sales,Sales Executive,1,Nagpur,10,38841,No,3,3,4,3,3,6,Yes
1421,41,Female,Single,Bachelor,Sales,Sales Representative,2,Pune,7,72005,No,4,4,3,5,2,6,No
1422,33,Male,Married,Bachelor,Sales,Sales Representative,2,Nagpur,2,85046,Yes,3,4,3,4,4,2,No
1423,32,Female,Married,Bachelor,Human Resources,HR Manager,2,Nagpur,9,63764,Yes,3,2,4,7,2,3,No
1424,28,Female,Divorced,Bachelor,Operations,Operations Associate,1,Bengaluru,2,27442,No,4,2,3,2,0,4,No
1425,38,Female,Single,Bachelor,Sales,Sales Executive,1,Pune,16,26695,No,4,3,2,0,0,3,No
1426,30,Male,Divorced,Bachelor,Research & Development,Research Scientist,1,Bengaluru,7,30533,No,3,2,4,1,1,2,No
1427,35,Female,Single,Bachelor,Research & Development,Lab Technician,2,Pune,11,66359,Yes,2,2,3,5,2,3,Yes
1428,27,Male,Divorced,Bachelor,Finance,Accountant,1,Pune,35,30931,No,2,3,3,4,1,6,No
1429,47,Female,Married,Bachelor,IT,IT Manager,3,Nagpur,3,129746,No,3,3,3,2,2,3,No
1430,29,Female,Married,Master,Operations,Operations Associate,1,Nagpur,13,33694,No,2,3,3,2,0,0,No
1431,33,Male,Single,Bachelor,Sales,Sales Representative,2,Pune,4,70074,No,2,1,4,1,1,6,No
1432,41,Female,Single,Master,Research & Development,Research Director,3,Mumbai,18,142977,No,4,2,4,1,1,4,Yes
1433,35,Male,Single,Diploma,Operations,Operations Manager,3,Mumbai,14,121426,No,4,3,3,9,3,2,No
1434,30,Female,Divorced,Bachelor,Sales,Sales Representative,2,Bengaluru,16,66940,No,4,2,3,9,3,5,No
1435,27,Male,Married,Master,Human Resources,HR Executive,1,Nagpur,10,31132,No,2,1,3,1,1,2,No
1436,31,Male,Divorced,Master,IT,Software Engineer,1,Pune,6,35192,No,4,4,3,10,1,2,No
1437,46,Female,Married,Master,Sales,Sales Manager,3,Bengaluru,4,103505,No,2,3,4,4,0,3,No
1438,33,Male,Married,Bachelor,IT,Software Engineer,1,Pune,8,26989,No,4,3,3,3,3,4,No
1439,25,Male,Married,PhD,Sales,Sales Executive,1,Hyderabad,9,28846,No,3,2,3,4,4,0,No
1440,25,Male,Married,PhD,Research & Development,Lab Technician,2,Pune,3,68072,No,3,3,2,0,0,4,No
1441,29,Male,Married,Master,Human Resources,HR Manager,2,Bengaluru,23,79188,Yes,1,4,4,6,2,4,Yes
1442,29,Male,Married,Bachelor,Finance,Financial Analyst,2,Mumbai,5,51679,No,3,3,3,2,2,6,No
1443,29,Male,Married,Master,Research & Development,Research Scientist,1,Pune,4,26124,Yes,4,2,2,1,1,0,No
1444,28,Male,Single,Bachelor,IT,Software Engineer,1,Pune,16,31634,Yes,4,3,3,4,1,5,Yes
1445,32,Female,Single,Master,Finance,Financial Analyst,2,Nagpur,17,72752,No,3,3,3,7,2,4,Yes
1446,33,Male,Married,Bachelor,IT,Software Engineer,1,Pune,2,43427,No,4,3,3,12,2,6,No
1447,30,Male,Married,Master,Human Resources,HR Executive,1,Pune,14,26044,Yes,4,3,3,2,0,4,No
1448,33,Male,Divorced,Bachelor,Sales,Sales Executive,1,Mumbai,3,35153,No,3,3,3,0,0,3,No
1449,21,Female,Single,Bachelor,IT,Software Engineer,1,Mumbai,7,34414,No,3,4,4,0,0,2,No
1450,32,Male,Single,Master,Human Resources,HR Executive,1,Mumbai,9,33170,No,3,1,4,2,1,2,No
1451,28,Male,Single,Bachelor,IT,Data Analyst,2,Pune,17,62871,No,2,2,3,5,2,6,Yes
1452,37,Female,Divorced,Bachelor,Human Resources,HR Manager,2,Nagpur,8,52447,No,4,3,4,2,2,1,No
1453,28,Male,Single,Bachelor,Sales,Sales Executive,1,Mumbai,16,31415,No,3,2,3,3,3,6,No
1454,25,Male,Single,Bachelor,Sales,Sales Executive,1,Hyderabad,6,37910,No,3,3,4,4,0,6,No
1455,28,Female,Married,Diploma,Operations,Operations Associate,1,Pune,11,31016,Yes,4,2,2,4,3,4,Yes
1456,29,Male,Single,Bachelor,IT,Software Engineer,1,Pune,19,35844,No,1,1,2,5,2,3,No
1457,26,Male,Married,Diploma,IT,Software Engineer,1,Mumbai,1,35260,No,4,4,3,0,0,5,No
1458,27,Female,Single,Bachelor,Sales,Sales Executive,1,Bengaluru,12,25575,No,1,3,3,2,2,2,No
1459,44,Male,Single,Bachelor,Research & Development,Lab Technician,2,Nagpur,19,52579,Yes,3,3,3,1,1,2,Yes
1460,34,Male,Married,Master,Operations,Supervisor,2,Pune,4,70108,No,2,3,3,11,2,6,No
1461,36,Male,Married,Bachelor,Operations,Supervisor,2,Mumbai,10,77328,Yes,1,2,3,15,1,4,No
1462,45,Female,Divorced,Bachelor,Operations,Operations Manager,3,Mumbai,6,182602,No,3,3,3,11,4,6,No
1463,31,Male,Single,Bachelor,Sales,Sales Representative,2,Pune,5,58174,Yes,1,3,3,3,3,5,Yes
1464,31,Female,Divorced,Bachelor,Sales,Sales Representative,2,Pune,3,82428,No,1,3,2,4,2,1,No
1465,26,Male,Married,Master,Finance,Accountant,1,Bengaluru,2,38060,No,1,3,3,0,0,1,No
1466,31,Female,Single,Bachelor,IT,Software Engineer,1,Mumbai,6,29655,Yes,2,4,3,1,1,0,Yes
1467,21,Male,Married,Bachelor,Finance,Accountant,1,Bengaluru,8,27291,No,4,3,3,0,0,3,No
1468,35,Male,Single,Bachelor,Research & Development,Research Scientist,1,Hyderabad,7,38311,No,2,1,3,2,1,1,Yes
1469,32,Male,Married,Bachelor,Sales,Sales Representative,2,Mumbai,13,63099,No,3,3,3,3,1,1,No
1470,37,Male,Single,Bachelor,Sales,Sales Executive,1,Mumbai,7,49195,No,4,1,3,11,0,2,Yes
1471,33,Male,Married,Master,Operations,Supervisor,2,Mumbai,1,88898,Yes,2,4,3,5,1,4,No
1472,42,Female,Married,Bachelor,Operations,Supervisor,2,Nagpur,12,112736,Yes,3,3,2,21,3,3,No
1473,32,Female,Single,PhD,Finance,Financial Analyst,2,Bengaluru,14,77101,No,4,1,2,7,2,6,No
1474,29,Male,Single,Diploma,Research & Development,Research Scientist,1,Pune,3,32047,Yes,2,3,4,4,1,0,No
1475,40,Female,Divorced,Diploma,Operations,Supervisor,2,Mumbai,22,67956,No,2,3,3,3,3,5,No
1476,44,Female,Married,Diploma,IT,Data Analyst,2,Hyderabad,25,51522,Yes,1,2,3,0,0,2,Yes
1477,35,Male,Married,Bachelor,Sales,Sales Executive,1,Pune,6,33077,No,4,3,3,2,2,6,No
1478,36,Male,Married,Master,Research & Development,Research Scientist,1,Bengaluru,17,29231,No,4,2,3,0,0,4,No
1479,35,Male,Married,Bachelor,Research & Development,Lab Technician,2,Hyderabad,5,66348,No,1,3,3,7,2,1,No
1480,33,Female,Married,Diploma,Research & Development,Research Scientist,1,Pune,7,41425,No,3,3,3,4,1,1,No
1481,21,Male,Divorced,PhD,Research & Development,Research Scientist,1,Nagpur,19,24542,No,1,3,4,0,0,3,Yes
1482,21,Male,Single,Bachelor,Research & Development,Research Scientist,1,Bengaluru,4,30704,No,1,4,3,0,0,3,No
1483,28,Male,Married,PhD,Operations,Operations Associate,1,Hyderabad,14,38665,No,2,3,2,0,0,6,No
1484,50,Male,Married,Master,Human Resources,HR Manager,3,Bengaluru,13,108407,Yes,2,3,3,7,3,6,No
1485,40,Male,Divorced,Bachelor,IT,Data Analyst,2,Bengaluru,60,73318,No,1,3,3,2,2,3,No
1486,40,Female,Single,Bachelor,Operations,Supervisor,2,Hyderabad,4,62638,Yes,4,3,3,0,0,6,No
1487,30,Male,Single,Master,Finance,Financial Analyst,2,Nagpur,6,60823,Yes,3,1,3,1,1,4,Yes
1488,36,Female,Single,Master,Sales,Sales Representative,2,Nagpur,2,75500,No,3,3,3,15,0,0,Yes
1489,36,Female,Married,Master,Human Resources,HR Manager,2,Mumbai,14,67686,Yes,1,4,3,6,3,2,No
1490,33,Female,Married,Bachelor,Sales,Sales Representative,2,Bengaluru,13,63622,Yes,3,3,3,9,3,6,No
1491,48,Female,Married,Bachelor,IT,IT Manager,3,Mumbai,7,109159,No,3,3,4,4,4,6,Yes
1492,32,Female,Married,Bachelor,Human Resources,HR Manager,2,Hyderabad,5,69981,No,3,3,3,1,1,6,No
1493,36,Female,Married,Bachelor,Human Resources,HR Executive,1,Hyderabad,4,42115,Yes,1,3,3,3,2,2,No
1494,26,Male,Married,Master,IT,Data Analyst,2,Nagpur,7,67344,Yes,3,4,3,2,2,3,No
1495,21,Male,Married,Master,Research & Development,Research Scientist,1,Nagpur,11,26684,No,4,4,2,0,0,3,No
1496,25,Male,Married,Diploma,Sales,Sales Executive,1,Nagpur,17,38625,No,4,3,3,0,0,0,No
1497,42,Female,Divorced,Bachelor,Research & Development,Research Director,3,Bengaluru,8,99575,No,2,3,3,2,1,0,No
1498,34,Male,Married,Bachelor,Human Resources,HR Manager,2,Nagpur,20,105625,No,2,2,3,13,2,1,No
1499,34,Female,Single,Bachelor,Sales,Sales Representative,2,Nagpur,6,75519,No,4,2,3,0,0,4,No
1500,29,Male,Married,Master,Operations,Operations Associate,1,Mumbai,6,28812,No,1,2,2,4,2,3,No
1501,24,Female,Married,Bachelor,IT,Software Engineer,1,Bengaluru,7,28128,No,3,3,2,3,1,5,No
1502,21,Male,Married,Master,Sales,Sales Executive,1,Pune,16,35600,Yes,4,2,4,0,0,5,Yes
1503,28,Female,Married,Bachelor,IT,Software Engineer,1,Mumbai,9,38720,No,4,3,3,0,0,6,No
1504,23,Male,Married,Master,Sales,Sales Executive,1,Hyderabad,8,29013,No,4,3,3,2,2,5,No
1505,39,Male,Married,Diploma,Sales,Sales Representative,2,Hyderabad,16,81814,No,3,2,3,10,2,6,No
1506,37,Female,Married,Bachelor,Finance,Financial Analyst,2,Pune,9,50281,No,4,4,4,0,0,5,No
1507,40,Male,Married,Diploma,Sales,Sales Representative,2,Hyderabad,13,55389,No,4,2,3,5,1,6,No
1508,28,Male,Single,Bachelor,Sales,Sales Executive,1,Pune,8,27460,No,4,3,3,2,2,0,No
1509,31,Female,Divorced,Bachelor,Sales,Sales Executive,1,Nagpur,5,27603,Yes,3,4,3,0,0,2,Yes
1510,25,Female,Married,Bachelor,Human Resources,HR Executive,1,Nagpur,6,40198,No,4,4,3,4,3,4,No
1511,32,Male,Divorced,Diploma,Research & Development,Lab Technician,2,Nagpur,13,63930,Yes,3,3,2,0,0,5,No
1512,25,Female,Single,Bachelor,Sales,Sales Executive,1,Pune,1,37605,Yes,2,2,4,4,1,4,Yes
1513,21,Male,Single,Bachelor,Sales,Sales Executive,1,Pune,27,34970,Yes,4,3,2,0,0,0,Yes
1514,24,Male,Single,Bachelor,Human Resources,HR Executive,1,Nagpur,28,32966,No,2,1,4,1,1,6,No
1515,38,Male,Single,Bachelor,Sales,Sales Representative,2,Nagpur,27,57625,Yes,3,2,3,2,2,5,Yes
1516,21,Male,Single,Master,Sales,Sales Representative,2,Pune,11,52594,No,1,4,2,0,0,4,No
1517,37,Female,Single,Bachelor,Sales,Sales Manager,3,Pune,19,115216,No,2,2,3,6,1,2,No
1518,38,Male,Married,Diploma,IT,Data Analyst,2,Bengaluru,6,94054,No,3,4,3,13,2,6,No
1519,30,Female,Single,Bachelor,IT,Software Engineer,1,Hyderabad,10,29439,No,3,2,4,1,1,6,No
1520,25,Male,Married,Bachelor,Sales,Sales Executive,1,Bengaluru,6,27073,No,2,2,3,0,0,0,No
1521,31,Male,Married,Bachelor,Research & Development,Research Scientist,1,Hyderabad,24,40686,No,3,3,3,10,2,0,No
1522,40,Male,Married,Bachelor,Sales,Sales Manager,3,Nagpur,19,142143,No,3,2,3,0,0,3,Yes
1523,35,Female,Divorced,Master,Research & Development,Research Scientist,1,Mumbai,30,28376,No,2,2,3,0,0,5,Yes
1524,39,Male,Single,Bachelor,Research & Development,Lab Technician,2,Pune,3,59293,No,3,1,3,1,1,2,No
1525,33,Male,Single,PhD,IT,Software Engineer,1,Mumbai,9,26428,No,3,3,3,0,0,1,No
1526,32,Male,Single,Bachelor,Operations,Operations Manager,3,Pune,5,137843,No,3,4,3,7,0,4,Yes
1527,21,Male,Married,Master,IT,Software Engineer,1,Mumbai,9,36192,Yes,3,4,3,0,0,6,No
1528,26,Female,Married,Bachelor,Operations,Operations Associate,1,Nagpur,24,29024,Yes,4,3,4,2,2,5,No
1529,29,Female,Married,Diploma,IT,Software Engineer,1,Hyderabad,10,42100,No,4,3,3,3,1,6,No
1530,21,Male,Married,Diploma,Finance,Accountant,1,Nagpur,8,30756,No,1,2,2,0,0,3,Yes
1531,31,Male,Married,Diploma,Research & Development,Research Scientist,1,Mumbai,2,27969,No,3,3,2,1,0,3,No
1532,26,Male,Single,Bachelor,Research & Development,Research Scientist,1,Bengaluru,1,26880,No,2,3,3,3,3,4,No
1533,21,Female,Married,Master,Research & Development,Research Scientist,1,Nagpur,9,37310,Yes,2,3,2,0,0,1,No
1534,25,Male,Married,Bachelor,Human Resources,HR Executive,1,Pune,30,25782,No,3,1,4,0,0,1,No
1535,36,Male,Married,Master,Human Resources,HR Manager,2,Nagpur,8,60760,No,1,3,2,3,3,3,Yes
1536,35,Female,Married,Master,IT,Data Analyst,2,Hyderabad,16,72953,No,4,3,3,8,3,5,No
1537,28,Male,Single,Master,Research & Development,Research Scientist,1,Hyderabad,8,40237,No,4,4,3,2,2,0,No
1538,31,Male,Single,Bachelor,Operations,Supervisor,2,Nagpur,15,54697,No,4,3,3,0,0,3,No
1539,38,Female,Married,PhD,Research & Development,Research Scientist,1,Bengaluru,14,41860,No,1,2,3,4,2,1,No
1540,23,Male,Married,Bachelor,IT,Software Engineer,1,Hyderabad,5,33515,Yes,3,2,2,2,2,3,No
1541,36,Male,Married,Bachelor,Operations,Operations Associate,1,Mumbai,1,29563,No,2,4,3,0,0,0,Yes
1542,31,Female,Married,PhD,Operations,Supervisor,2,Bengaluru,1,79722,No,3,3,4,3,1,0,No
1543,25,Female,Married,Master,IT,Software Engineer,1,Mumbai,7,38297,Yes,2,3,3,4,2,5,Yes
1544,21,Male,Single,Bachelor,Sales,Sales Executive,1,Mumbai,19,24326,No,4,2,3,0,0,0,Yes
1545,43,Female,Married,Diploma,IT,IT Manager,3,Mumbai,9,159859,Yes,3,3,3,5,2,2,No
1546,26,Male,Single,PhD,Sales,Sales Executive,1,Hyderabad,1,34878,Yes,2,3,3,0,0,3,No
1547,33,Male,Married,Bachelor,Research & Development,Lab Technician,2,Mumbai,14,60547,No,4,3,3,2,0,6,No
1548,26,Female,Married,Bachelor,Sales,Sales Executive,1,Nagpur,8,30609,No,3,4,3,5,0,2,No
1549,33,Male,Single,Bachelor,Sales,Sales Representative,2,Pune,12,59930,Yes,3,3,3,0,0,4,No
1550,27,Male,Divorced,Bachelor,Human Resources,HR Executive,1,Hyderabad,2,31498,No,4,3,3,1,1,1,No
1551,33,Male,Single,Master,Human Resources,HR Manager,2,Nagpur,5,71062,No,1,1,3,6,4,3,Yes
1552,25,Male,Married,Master,Operations,Operations Associate,1,Hyderabad,7,27937,No,3,3,3,2,2,0,No
1553,27,Male,Married,Master,Sales,Sales Representative,2,Nagpur,2,83869,No,2,1,4,6,3,1,Yes
1554,32,Male,Divorced,Bachelor,Human Resources,HR Executive,1,Mumbai,5,37357,No,4,3,3,1,0,3,No
1555,21,Female,Married,PhD,Research & Development,Research Scientist,1,Bengaluru,5,36118,No,3,3,3,0,0,0,Yes
1556,33,Female,Married,Diploma,Operations,Supervisor,2,Mumbai,4,96609,Yes,2,4,3,12,2,2,No
1557,44,Female,Married,Bachelor,Operations,Supervisor,2,Nagpur,2,91330,No,1,2,4,8,2,4,No
1558,24,Female,Married,PhD,Operations,Operations Associate,1,Mumbai,17,39506,Yes,2,3,3,3,1,4,No
1559,34,Male,Single,Master,Sales,Sales Representative,2,Mumbai,7,66693,Yes,1,2,3,0,0,6,Yes
1560,39,Male,Married,Bachelor,Operations,Supervisor,2,Mumbai,4,95821,No,4,4,3,13,3,5,No
1561,31,Female,Married,Master,IT,Software Engineer,1,Bengaluru,8,28322,No,4,3,3,2,2,2,No
1562,27,Male,Married,Bachelor,Human Resources,HR Executive,1,Mumbai,6,41127,No,3,3,3,2,2,1,No
1563,33,Male,Married,Bachelor,Operations,Operations Associate,1,Bengaluru,8,37366,No,3,3,4,1,1,6,No
1564,37,Male,Married,Bachelor,Sales,Sales Representative,2,Bengaluru,14,93275,Yes,4,3,3,12,1,6,No
1565,22,Male,Single,Bachelor,IT,Software Engineer,1,Bengaluru,4,32209,No,3,2,3,1,1,6,Yes
1566,33,Female,Single,Bachelor,Sales,Sales Manager,3,Bengaluru,16,143900,Yes,2,3,2,2,2,1,Yes
1567,40,Male,Married,Diploma,Sales,Sales Manager,3,Bengaluru,8,220819,Yes,2,3,3,19,4,0,No
1568,31,Male,Single,Master,Sales,Sales Executive,1,Hyderabad,3,34535,Yes,4,2,4,1,1,0,No
1569,31,Female,Divorced,Bachelor,Research & Development,Research Scientist,1,Pune,18,33278,No,4,2,3,2,2,4,Yes
1570,47,Female,Single,PhD,IT,IT Manager,3,Pune,2,112832,No,1,4,3,2,2,3,No
1571,22,Female,Married,Master,Research & Development,Research Scientist,1,Bengaluru,4,25071,Yes,1,2,3,1,1,6,Yes
1572,32,Female,Married,Master,IT,Software Engineer,1,Hyderabad,11,32224,No,4,1,3,2,2,4,No
1573,38,Male,Married,Master,Research & Development,Research Director,3,Nagpur,7,139053,No,2,4,3,2,2,3,No
1574,42,Female,Divorced,Master,Research & Development,Research Director,3,Bengaluru,4,162999,Yes,4,3,3,21,0,3,No
1575,35,Female,Divorced,Bachelor,Operations,Supervisor,2,Mumbai,13,64423,No,3,3,3,6,1,4,No
1576,21,Female,Married,Bachelor,Sales,Sales Executive,1,Mumbai,2,29245,No,3,4,4,0,0,1,No
1577,26,Female,Single,Master,Operations,Supervisor,2,Bengaluru,29,65153,No,3,3,3,5,1,3,No
1578,41,Female,Single,Master,Operations,Operations Manager,3,Pune,26,108623,No,3,4,4,2,2,3,No
1579,21,Female,Married,Master,Operations,Operations Associate,1,Bengaluru,1,26001,No,4,3,3,0,0,3,No
1580,25,Male,Single,Bachelor,Sales,Sales Executive,1,Pune,11,30692,No,1,4,3,1,1,6,No
1581,37,Male,Married,Bachelor,Sales,Sales Representative,2,Hyderabad,6,76233,No,3,2,3,1,1,6,No
1582,31,Female,Single,Master,Sales,Sales Representative,2,Hyderabad,2,74153,No,3,3,3,1,1,4,No
1583,29,Male,Married,Master,IT,Software Engineer,1,Nagpur,22,40616,No,2,2,2,2,2,3,Yes
1584,31,Female,Married,Bachelor,Operations,Supervisor,2,Bengaluru,16,63401,Yes,3,2,2,10,0,2,No
1585,39,Male,Single,Master,Sales,Sales Executive,1,Pune,5,29242,No,2,4,4,3,1,6,No
1586,35,Female,Divorced,Bachelor,IT,Data Analyst,2,Pune,22,86968,No,2,1,3,5,1,3,No
1587,28,Male,Married,Bachelor,Operations,Operations Associate,1,Pune,1,29012,Yes,1,3,3,3,1,4,Yes
1588,27,Male,Married,Master,Sales,Sales Executive,1,Bengaluru,21,26895,No,2,3,3,2,2,2,No
1589,26,Female,Married,Diploma,Sales,Sales Executive,1,Pune,20,37210,No,3,3,3,2,1,6,Yes
1590,29,Male,Married,Bachelor,Research & Development,Lab Technician,2,Hyderabad,4,65139,Yes,3,1,3,6,2,3,No
1591,29,Male,Married,Master,Finance,Accountant,1,Pune,4,28796,No,2,1,3,0,0,0,Yes
1592,33,Male,Single,Master,Research & Development,Research Scientist,1,Bengaluru,6,32342,Yes,4,3,3,2,2,1,No
1593,41,Female,Married,Bachelor,Research & Development,Research Director,3,Hyderabad,11,133348,No,3,2,3,7,1,6,Yes
1594,30,Male,Married,Diploma,IT,Software Engineer,1,Nagpur,13,37543,No,3,4,3,1,1,2,Yes
1595,28,Female,Single,Bachelor,Sales,Sales Executive,1,Pune,3,42400,Yes,3,4,2,7,1,1,Yes
1596,29,Male,Single,Master,Research & Development,Research Scientist,1,Hyderabad,8,39427,No,1,3,3,6,2,3,Yes
1597,24,Male,Married,Bachelor,Operations,Operations Associate,1,Pune,4,34882,No,2,2,3,3,1,4,No
1598,31,Female,Married,Master,Research & Development,Lab Technician,2,Mumbai,37,84736,Yes,1,3,3,10,2,1,Yes
1599,33,Female,Married,Master,Sales,Sales Executive,1,Bengaluru,3,44229,Yes,3,2,2,9,2,3,Yes
1600,26,Female,Married,Bachelor,Operations,Operations Associate,1,Mumbai,5,37841,No,2,2,2,1,1,2,No
1601,31,Female,Single,Diploma,Sales,Sales Representative,2,Bengaluru,8,64476,No,1,3,3,10,3,5,No
1602,34,Male,Single,Diploma,Research & Development,Lab Technician,2,Pune,12,78137,No,4,3,3,2,0,0,No
1603,34,Male,Married,Diploma,Research & Development,Research Scientist,1,Bengaluru,8,43718,No,1,4,3,9,2,0,No
1604,38,Male,Married,Bachelor,Human Resources,HR Manager,3,Hyderabad,1,120354,Yes,2,4,3,9,1,1,No
1605,32,Female,Single,Master,Sales,Sales Representative,2,Hyderabad,21,65822,Yes,4,2,3,11,1,5,No
1606,31,Female,Single,Master,Finance,Financial Analyst,2,Bengaluru,24,69609,Yes,4,3,3,1,1,4,No
1607,28,Male,Single,Bachelor,IT,Data Analyst,2,Bengaluru,2,74127,No,4,4,3,7,2,3,No
1608,36,Female,Single,Bachelor,Sales,Sales Representative,2,Hyderabad,2,72501,Yes,2,3,3,11,3,6,No
1609,25,Male,Single,PhD,Research & Development,Lab Technician,2,Bengaluru,22,66969,Yes,1,1,3,4,3,1,Yes
1610,37,Male,Married,Master,Sales,Sales Executive,1,Nagpur,6,57241,No,3,3,3,16,1,5,No
1611,28,Female,Married,Diploma,Research & Development,Lab Technician,2,Nagpur,1,64666,No,2,3,4,7,2,2,No
1612,38,Male,Divorced,Master,Sales,Sales Representative,2,Nagpur,11,90527,No,3,4,3,10,3,2,No
1613,22,Male,Single,Bachelor,Sales,Sales Executive,1,Hyderabad,4,37762,No,2,2,3,1,1,3,No
1614,30,Female,Married,Master,Sales,Sales Executive,1,Pune,12,33596,No,1,3,3,8,0,5,No
1615,29,Male,Married,Master,IT,Data Analyst,2,Hyderabad,1,79827,Yes,3,3,3,1,0,2,Yes
1616,29,Female,Single,PhD,Research & Development,Lab Technician,2,Mumbai,3,60604,No,3,3,4,1,1,0,No
1617,29,Female,Single,Bachelor,Research & Development,Research Scientist,1,Hyderabad,5,41847,No,2,3,3,3,1,3,No
1618,33,Male,Single,Bachelor,Operations,Operations Associate,1,Pune,14,31505,Yes,1,3,3,5,1,3,No
1619,34,Female,Single,Master,Research & Development,Lab Technician,2,Nagpur,23,67568,Yes,3,3,3,0,0,1,Yes
1620,25,Female,Married,Bachelor,IT,Software Engineer,1,Nagpur,3,43079,No,4,4,3,4,2,3,No
1621,41,Female,Married,Bachelor,Research & Development,Lab Technician,2,Hyderabad,21,59820,Yes,2,3,3,6,2,3,No
1622,29,Male,Married,Bachelor,Human Resources,HR Executive,1,Hyderabad,11,24872,Yes,2,3,4,0,0,5,Yes
1623,30,Female,Married,Master,Research & Development,Lab Technician,2,Bengaluru,20,90843,Yes,2,1,3,9,1,2,No
1624,30,Female,Married,Master,Research & Development,Lab Technician,2,Mumbai,16,61735,No,1,3,2,1,1,4,No
1625,28,Male,Divorced,Diploma,IT,Software Engineer,1,Bengaluru,3,28177,No,3,3,3,0,0,2,No
1626,36,Male,Married,Master,Finance,Financial Analyst,2,Hyderabad,10,84783,No,4,3,4,15,2,5,No
1627,33,Male,Married,Bachelor,Operations,Supervisor,2,Mumbai,7,71075,No,3,3,4,12,1,1,No
1628,33,Female,Single,Bachelor,Finance,Financial Analyst,2,Pune,9,57264,Yes,4,2,3,1,1,1,No
1629,24,Male,Single,Master,Research & Development,Research Scientist,1,Bengaluru,6,26939,Yes,2,2,3,0,0,3,Yes
1630,31,Female,Married,Bachelor,Sales,Sales Representative,2,Bengaluru,7,59632,Yes,2,4,3,4,2,2,No
1631,34,Male,Single,Bachelor,Sales,Sales Executive,1,Bengaluru,11,35193,No,3,3,3,2,1,2,No
1632,32,Male,Married,Bachelor,Sales,Sales Executive,1,Pune,19,28519,Yes,3,3,3,5,3,0,Yes
1633,35,Female,Married,Bachelor,Research & Development,Research Director,3,Nagpur,24,147485,No,3,2,4,4,0,0,No
1634,21,Male,Divorced,Bachelor,IT,Software Engineer,1,Pune,9,37529,No,2,3,4,0,0,6,Yes
1635,40,Male,Married,Bachelor,Human Resources,HR Executive,1,Bengaluru,4,38107,Yes,3,3,3,5,3,2,No
1636,30,Male,Married,Bachelor,Sales,Sales Executive,1,Nagpur,1,30890,No,3,2,4,2,2,2,No
1637,33,Female,Married,Bachelor,Research & Development,Research Scientist,1,Mumbai,19,34231,No,4,2,3,5,0,5,No
1638,26,Female,Married,Bachelor,IT,Software Engineer,1,Bengaluru,35,34728,Yes,4,1,3,0,0,4,Yes
1639,33,Female,Married,Master,Sales,Sales Executive,1,Nagpur,6,30728,No,4,3,3,2,2,2,No
1640,26,Female,Single,Diploma,Sales,Sales Executive,1,Bengaluru,1,26977,Yes,3,3,4,1,1,2,Yes
1641,26,Female,Married,Bachelor,Research & Development,Research Scientist,1,Nagpur,6,38783,No,4,3,3,0,0,0,No
1642,27,Male,Divorced,Bachelor,Sales,Sales Executive,1,Bengaluru,14,37326,Yes,4,3,3,3,1,0,No
1643,32,Male,Married,Diploma,Finance,Financial Analyst,2,Hyderabad,11,65926,No,3,1,3,11,3,0,No
1644,28,Male,Single,Master,IT,Software Engineer,1,Mumbai,7,38186,No,4,3,3,3,1,1,No
1645,28,Male,Married,Master,Operations,Operations Associate,1,Bengaluru,19,30595,No,3,3,4,4,0,2,No
1646,21,Male,Married,Bachelor,Sales,Sales Executive,1,Hyderabad,20,29263,No,3,2,3,0,0,2,No
1647,26,Male,Married,Bachelor,Finance,Accountant,1,Nagpur,12,32416,Yes,3,3,3,0,0,4,No
1648,41,Male,Divorced,Diploma,Sales,Sales Executive,1,Bengaluru,19,28659,Yes,4,2,4,3,3,6,No
1649,24,Male,Single,Bachelor,Operations,Operations Associate,1,Bengaluru,11,29648,No,2,4,3,3,1,6,Yes
1650,21,Male,Married,Bachelor,Sales,Sales Executive,1,Nagpur,25,29724,Yes,3,3,3,0,0,5,Yes
1651,38,Female,Married,Master,Research & Development,Research Scientist,1,Pune,5,32872,Yes,3,3,3,1,1,2,No
1652,29,Male,Single,Diploma,Sales,Sales Executive,1,Hyderabad,8,37181,Yes,4,2,4,7,2,4,Yes
1653,24,Male,Single,Bachelor,Research & Development,Research Scientist,1,Hyderabad,5,39404,No,2,4,3,3,3,1,No
1654,32,Male,Single,Master,IT,Software Engineer,1,Bengaluru,6,31033,Yes,4,2,3,4,0,5,No
1655,28,Male,Married,Bachelor,IT,Data Analyst,2,Hyderabad,17,81802,Yes,3,4,3,7,0,0,No
1656,32,Male,Married,Bachelor,Research & Development,Lab Technician,2,Mumbai,1,66890,No,3,1,3,7,3,1,No
1657,33,Male,Single,Diploma,Sales,Sales Representative,2,Pune,7,103576,Yes,3,2,3,12,0,1,No
1658,34,Male,Single,PhD,Sales,Sales Executive,1,Pune,19,34981,No,3,2,3,1,1,2,Yes
1659,28,Male,Divorced,Bachelor,Research & Development,Research Scientist,1,Hyderabad,4,29510,Yes,2,3,4,2,1,0,Yes
1660,49,Female,Married,Bachelor,Research & Development,Research Director,3,Bengaluru,13,171654,Yes,3,2,3,7,3,4,Yes
1661,29,Female,Married,Bachelor,Research & Development,Research Scientist,1,Hyderabad,29,30335,No,2,3,4,0,0,4,No
1662,35,Female,Single,Diploma,Human Resources,HR Manager,3,Bengaluru,14,168469,No,2,4,3,14,5,4,No
1663,30,Female,Married,Diploma,Research & Development,Lab Technician,2,Mumbai,11,80987,No,3,3,3,9,1,4,No
1664,30,Male,Married,Diploma,Sales,Sales Executive,1,Pune,11,28619,No,4,2,4,2,2,4,No
1665,31,Female,Single,Master,Research & Development,Research Scientist,1,Pune,6,27528,Yes,3,2,3,1,1,0,Yes
1666,21,Male,Married,Bachelor,Sales,Sales Executive,1,Hyderabad,1,31687,No,3,3,3,0,0,4,No
1667,26,Male,Married,Bachelor,Finance,Accountant,1,Hyderabad,10,32057,No,4,3,3,5,1,4,Yes
1668,30,Female,Divorced,Diploma,Operations,Operations Associate,1,Pune,2,40081,No,4,3,3,1,1,1,No
1669,37,Male,Single,Master,Finance,Accountant,1,Nagpur,4,40204,No,2,2,3,2,2,0,No
1670,31,Female,Single,Bachelor,Research & Development,Research Scientist,1,Nagpur,18,31966,Yes,2,1,3,1,1,1,Yes
1671,38,Female,Married,Master,Human Resources,HR Executive,1,Nagpur,6,33317,Yes,2,3,4,2,0,1,No
1672,37,Male,Married,Bachelor,Human Resources,HR Manager,3,Pune,4,104112,No,3,1,3,0,0,6,No
1673,26,Male,Single,Bachelor,Finance,Accountant,1,Mumbai,20,27192,No,1,3,3,1,0,4,Yes
1674,30,Male,Divorced,Bachelor,Sales,Sales Executive,1,Nagpur,4,27493,No,3,3,2,1,1,2,Yes
1675,36,Female,Married,Bachelor,Operations,Supervisor,2,Hyderabad,3,68406,No,2,3,3,1,1,6,Yes
1676,26,Male,Married,Bachelor,IT,Software Engineer,1,Mumbai,24,40328,No,4,3,3,3,3,0,No
1677,33,Female,Single,Bachelor,Human Resources,HR Manager,2,Nagpur,14,60291,No,4,3,3,5,0,5,No
1678,27,Male,Married,Bachelor,Research & Development,Research Scientist,1,Mumbai,7,27490,Yes,4,2,3,1,0,4,Yes
1679,37,Female,Divorced,Bachelor,Human Resources,HR Manager,2,Pune,4,75972,No,3,3,4,10,2,2,No
1680,34,Male,Married,Master,Sales,Sales Representative,2,Hyderabad,8,79343,No,1,3,3,1,1,2,Yes
1681,26,Female,Single,Diploma,Research & Development,Research Scientist,1,Hyderabad,6,26682,No,3,3,3,2,1,4,No
1682,31,Male,Married,Bachelor,Sales,Sales Executive,1,Hyderabad,4,33132,No,3,3,3,1,1,6,No
1683,36,Male,Single,Bachelor,Research & Development,Research Scientist,1,Hyderabad,5,31120,No,3,3,3,5,0,4,Yes
1684,36,Male,Single,Diploma,Research & Development,Research Scientist,1,Hyderabad,9,42525,No,1,4,4,4,1,0,No
1685,26,Female,Single,Diploma,Operations,Supervisor,2,Pune,9,64911,Yes,1,3,3,5,3,5,No
1686,29,Male,Married,Master,Research & Development,Research Scientist,1,Hyderabad,13,25701,No,3,3,3,2,2,1,No
1687,38,Female,Married,Bachelor,Research & Development,Lab Technician,2,Mumbai,26,63286,No,1,2,3,2,1,4,Yes
1688,26,Female,Single,Master,Research & Development,Lab Technician,2,Bengaluru,4,57012,Yes,1,4,3,5,3,0,No
1689,37,Female,Married,Bachelor,Research & Development,Research Director,3,Bengaluru,12,113406,No,1,4,3,2,1,0,No
1690,25,Male,Single,PhD,IT,Software Engineer,1,Nagpur,11,39269,No,2,3,4,4,3,1,Yes
1691,31,Male,Married,Bachelor,Sales,Sales Executive,1,Mumbai,1,38886,Yes,4,3,3,0,0,2,No
1692,29,Female,Single,Bachelor,Research & Development,Research Scientist,1,Nagpur,11,27708,Yes,4,2,4,3,1,4,Yes
1693,49,Male,Married,Diploma,Research & Development,Research Director,3,Mumbai,9,111116,No,4,3,4,0,0,3,No
1694,24,Female,Married,Bachelor,Finance,Accountant,1,Hyderabad,15,35682,No,3,3,3,3,3,4,No
1695,33,Male,Single,Diploma,IT,Software Engineer,1,Pune,1,32749,No,4,2,4,5,1,2,Yes
1696,33,Male,Married,Diploma,Research & Development,Research Scientist,1,Bengaluru,5,27381,No,2,3,3,0,0,6,No
1697,32,Male,Married,Bachelor,Operations,Operations Associate,1,Nagpur,1,42070,No,4,4,3,3,3,0,Yes
1698,26,Female,Married,Master,Sales,Sales Executive,1,Hyderabad,11,28711,No,1,2,3,2,2,6,No
1699,33,Female,Single,Bachelor,Sales,Sales Executive,1,Hyderabad,12,33893,No,4,2,2,0,0,0,No
1700,39,Male,Married,Master,Research & Development,Research Scientist,1,Pune,21,33151,Yes,1,4,4,11,6,0,No
1701,23,Male,Single,Diploma,Research & Development,Research Scientist,1,Nagpur,1,29270,No,2,3,3,2,0,2,No
1702,37,Male,Married,Master,Sales,Sales Representative,2,Mumbai,9,74317,Yes,3,3,3,12,6,6,Yes
1703,29,Male,Single,Bachelor,Operations,Operations Associate,1,Nagpur,5,38850,Yes,3,2,3,8,3,2,Yes
1704,40,Male,Married,Master,Research & Development,Research Director,3,Nagpur,11,122896,No,3,2,4,5,3,6,No
1705,30,Male,Married,Diploma,Research & Development,Research Scientist,1,Pune,11,40517,Yes,4,1,3,2,2,2,Yes
1706,30,Male,Single,Bachelor,Research & Development,Research Scientist,1,Mumbai,7,26660,Yes,4,2,3,2,2,3,Yes
1707,39,Female,Divorced,Bachelor,Research & Development,Lab Technician,2,Mumbai,8,79570,No,2,2,3,11,3,1,No
1708,28,Male,Married,Master,Human Resources,HR Executive,1,Bengaluru,5,26689,No,1,3,3,1,1,2,No
1709,21,Male,Married,Bachelor,Research & Development,Research Scientist,1,Mumbai,4,27355,Yes,1,3,3,0,0,4,Yes
1710,39,Female,Single,Master,Operations,Supervisor,2,Nagpur,26,57666,Yes,4,4,3,1,1,0,Yes
1711,30,Male,Married,PhD,IT,Software Engineer,1,Bengaluru,2,30281,No,2,3,3,7,1,5,No
1712,22,Female,Married,Master,Finance,Accountant,1,Hyderabad,4,29054,No,2,3,3,1,1,2,No
1713,34,Female,Married,Bachelor,Sales,Sales Representative,2,Mumbai,6,66537,Yes,3,2,3,0,0,5,No
1714,29,Female,Married,Master,Research & Development,Research Scientist,1,Nagpur,20,28477,No,3,3,3,6,1,0,No
1715,29,Male,Married,Master,IT,Software Engineer,1,Hyderabad,9,27715,Yes,4,2,3,5,2,0,Yes
1716,33,Male,Married,Bachelor,IT,Data Analyst,2,Nagpur,10,55171,No,3,3,3,1,1,1,No
1717,27,Female,Married,Master,Research & Development,Lab Technician,2,Mumbai,19,82537,No,2,3,2,2,1,1,Yes
1718,28,Male,Married,Bachelor,IT,Software Engineer,1,Hyderabad,25,28105,Yes,2,2,3,1,1,0,No
1719,28,Female,Single,Bachelor,Research & Development,Research Scientist,1,Hyderabad,6,33997,No,2,3,3,1,1,6,Yes
1720,23,Female,Divorced,Bachelor,Research & Development,Research Scientist,1,Bengaluru,8,35230,No,3,3,4,2,2,4,No
1721,46,Female,Married,Bachelor,Human Resources,HR Manager,2,Bengaluru,17,67523,No,1,2,4,2,2,1,No
1722,29,Female,Married,Master,Research & Development,Research Scientist,1,Nagpur,21,41711,No,3,3,4,3,2,2,No
1723,25,Male,Married,Master,Human Resources,HR Executive,1,Bengaluru,28,36434,No,4,2,3,3,2,3,No
1724,29,Male,Married,Bachelor,Sales,Sales Representative,2,Mumbai,15,80189,No,1,3,3,7,5,0,No
1725,38,Male,Married,Bachelor,Operations,Operations Manager,3,Bengaluru,11,103741,Yes,3,4,3,1,1,4,No
1726,36,Female,Single,Master,Sales,Sales Representative,2,Hyderabad,9,91001,No,2,3,3,15,3,1,No
1727,37,Male,Single,Bachelor,Research & Development,Lab Technician,2,Pune,11,79922,No,4,4,3,12,1,5,No
1728,32,Male,Single,Bachelor,IT,Software Engineer,1,Nagpur,6,37785,No,4,3,3,0,0,3,No
1729,21,Male,Single,Master,Research & Development,Research Scientist,1,Hyderabad,4,29475,No,1,4,3,0,0,2,No
1730,40,Male,Divorced,Master,Research & Development,Research Director,3,Nagpur,7,126798,No,4,3,3,0,0,3,No
1731,39,Female,Single,Diploma,IT,IT Manager,3,Mumbai,2,169555,No,4,3,4,7,3,5,No
1732,24,Female,Married,Master,IT,Software Engineer,1,Mumbai,16,29044,No,4,2,2,2,1,6,No
1733,32,Male,Single,Master,Sales,Sales Manager,3,Pune,4,121338,No,4,2,3,11,0,4,No
1734,33,Male,Single,Bachelor,Research & Development,Research Scientist,1,Pune,24,30945,Yes,4,4,4,4,4,4,No
1735,32,Male,Married,Bachelor,Research & Development,Research Scientist,1,Pune,1,39140,No,4,3,3,4,1,3,No
1736,37,Male,Married,Master,IT,IT Manager,3,Bengaluru,2,115582,No,4,3,2,4,4,5,Yes
1737,22,Male,Single,Master,Research & Development,Research Scientist,1,Mumbai,2,39554,No,3,3,3,1,1,2,No
1738,25,Male,Single,Bachelor,Sales,Sales Executive,1,Bengaluru,24,27013,Yes,3,2,3,4,3,2,Yes
1739,31,Male,Single,Master,IT,Software Engineer,1,Mumbai,21,40862,Yes,2,3,4,5,2,6,Yes
1740,35,Male,Married,Bachelor,Sales,Sales Representative,2,Pune,5,83067,No,3,4,3,3,3,2,No
1741,33,Female,Married,Bachelor,Sales,Sales Representative,2,Hyderabad,18,67449,No,2,3,4,0,0,5,No
1742,40,Female,Married,Bachelor,IT,Data Analyst,2,Bengaluru,20,67861,No,4,3,3,5,3,5,No
1743,25,Male,Married,Master,Research & Development,Research Scientist,1,Mumbai,19,27914,No,3,3,4,2,0,3,No
1744,41,Male,Single,Master,IT,IT Manager,3,Pune,12,160575,No,4,2,3,6,1,4,No
1745,25,Male,Single,Master,IT,Software Engineer,1,Nagpur,24,30412,No,4,4,3,0,0,4,No
1746,32,Female,Single,Bachelor,IT,Software Engineer,1,Mumbai,23,35537,Yes,1,1,4,2,1,3,Yes
1747,27,Female,Single,Master,Human Resources,HR Executive,1,Mumbai,14,28363,No,3,4,3,6,1,0,Yes
1748,35,Female,Married,Master,IT,Data Analyst,2,Hyderabad,8,85349,No,3,2,3,14,2,5,No
1749,29,Male,Single,Bachelor,IT,Software Engineer,1,Mumbai,7,39348,No,4,2,3,2,0,6,No
1750,34,Female,Married,Bachelor,Operations,Supervisor,2,Pune,14,54934,Yes,4,3,4,4,0,6,No
1751,35,Female,Married,Bachelor,IT,Data Analyst,2,Hyderabad,9,64569,No,2,2,3,7,0,3,Yes
1752,25,Male,Married,Bachelor,Sales,Sales Executive,1,Bengaluru,14,32623,No,1,4,4,4,1,2,No
1753,31,Male,Divorced,Diploma,Research & Development,Research Scientist,1,Pune,12,46605,No,2,3,4,7,6,3,No
1754,31,Male,Married,Bachelor,Research & Development,Research Scientist,1,Bengaluru,2,42697,No,3,3,2,9,2,4,No
1755,29,Male,Married,Diploma,IT,Software Engineer,1,Bengaluru,10,39080,No,2,3,3,1,1,1,Yes
1756,21,Female,Married,Bachelor,IT,Software Engineer,1,Nagpur,4,38130,Yes,3,2,3,0,0,6,No
1757,38,Female,Single,Master,Finance,Finance Manager,3,Pune,6,97336,No,2,3,3,0,0,1,No
1758,29,Male,Single,Master,IT,Software Engineer,1,Bengaluru,6,38706,No,1,2,3,3,2,4,Yes
1759,24,Female,Single,Bachelor,Sales,Sales Executive,1,Bengaluru,6,29793,No,3,2,4,2,1,5,No
1760,40,Female,Divorced,Bachelor,IT,IT Manager,3,Mumbai,12,151568,No,4,3,3,3,1,3,No
1761,42,Female,Married,Bachelor,Operations,Operations Manager,3,Pune,6,129391,No,2,2,4,2,2,4,No
1762,29,Female,Married,Bachelor,Sales,Sales Executive,1,Mumbai,5,38027,No,3,4,2,2,2,6,Yes
1763,24,Female,Married,Master,Sales,Sales Executive,1,Bengaluru,2,31108,No,4,4,3,3,3,0,No
1764,44,Male,Married,Bachelor,Operations,Operations Manager,3,Pune,23,118716,No,2,3,3,5,3,4,No
1765,47,Female,Single,Master,Research & Development,Research Director,3,Bengaluru,13,144266,No,4,3,4,4,3,1,No
1766,34,Male,Married,Diploma,Operations,Operations Associate,1,Pune,2,30085,No,3,4,3,5,3,2,No
1767,31,Female,Single,Bachelor,Research & Development,Research Scientist,1,Hyderabad,8,39447,No,4,3,3,2,1,5,No
1768,41,Male,Married,Bachelor,Finance,Finance Manager,3,Hyderabad,18,123219,No,3,3,3,7,0,0,No
1769,26,Male,Single,Bachelor,Sales,Sales Representative,2,Pune,17,67261,No,1,3,4,1,1,3,No
1770,40,Female,Single,Master,IT,IT Manager,3,Pune,6,113398,No,4,3,3,0,0,4,No
1771,33,Female,Single,Bachelor,Sales,Sales Executive,1,Pune,5,29867,No,4,1,3,7,3,6,Yes
1772,38,Female,Single,Diploma,IT,Software Engineer,1,Bengaluru,5,35194,No,2,3,3,0,0,5,No
1773,35,Male,Married,Master,Operations,Operations Manager,3,Mumbai,8,100585,No,2,3,3,4,1,5,No
1774,22,Male,Married,Bachelor,Sales,Sales Executive,1,Nagpur,20,36560,Yes,4,1,3,1,1,2,Yes
1775,47,Female,Married,Master,Finance,Finance Manager,3,Hyderabad,10,124889,Yes,4,3,2,3,2,5,No
1776,28,Male,Divorced,Bachelor,IT,Software Engineer,1,Bengaluru,9,35386,No,4,3,3,5,0,6,No
1777,48,Female,Single,Bachelor,Research & Development,Research Director,3,Nagpur,12,144181,Yes,4,3,3,2,2,6,Yes
1778,32,Male,Single,Bachelor,Research & Development,Research Scientist,1,Hyderabad,12,35158,No,2,4,3,0,0,1,No
1779,23,Male,Single,Diploma,Research & Development,Research Scientist,1,Mumbai,9,30183,No,4,4,3,2,2,3,No
1780,27,Male,Married,Master,IT,Software Engineer,1,Nagpur,18,30862,No,2,2,4,0,0,3,Yes
1781,36,Male,Single,Bachelor,Sales,Sales Representative,2,Bengaluru,11,69696,No,2,3,3,5,1,4,No
1782,24,Male,Married,Bachelor,IT,Software Engineer,1,Nagpur,15,31980,No,3,3,3,1,1,1,No
1783,25,Male,Married,Master,Sales,Sales Executive,1,Nagpur,4,34296,Yes,3,3,3,4,3,4,No
1784,23,Male,Single,Diploma,Research & Development,Research Scientist,1,Hyderabad,5,37041,No,2,3,4,2,2,0,No
1785,33,Male,Married,Master,Research & Development,Lab Technician,2,Bengaluru,19,91560,No,3,4,4,8,1,4,No
1786,43,Male,Married,Bachelor,IT,IT Manager,3,Hyderabad,12,122049,Yes,2,4,3,2,1,0,No
1787,30,Male,Married,Diploma,Finance,Financial Analyst,2,Bengaluru,25,87658,No,4,3,3,8,4,2,No
1788,33,Male,Married,Master,Sales,Sales Representative,2,Bengaluru,3,70947,No,4,2,3,4,4,2,No
1789,34,Male,Divorced,Bachelor,Finance,Financial Analyst,2,Hyderabad,9,72846,No,1,3,2,0,0,1,No
1790,40,Male,Single,Bachelor,Human Resources,HR Manager,2,Hyderabad,11,75046,Yes,4,2,3,1,1,2,No
1791,48,Female,Single,Bachelor,Research & Development,Research Director,3,Pune,1,131598,No,3,2,3,6,2,2,No
1792,25,Female,Married,Bachelor,Operations,Operations Associate,1,Pune,21,35984,No,3,4,3,0,0,1,No
1793,34,Male,Single,Bachelor,Sales,Sales Representative,2,Nagpur,7,94669,Yes,3,3,3,8,4,5,No
1794,35,Male,Single,Bachelor,Finance,Accountant,1,Nagpur,5,38248,Yes,2,3,3,7,3,1,No
1795,41,Male,Single,Bachelor,Sales,Sales Manager,3,Nagpur,6,141782,No,1,3,3,0,0,5,Yes
1796,25,Female,Single,Bachelor,Research & Development,Research Scientist,1,Mumbai,3,35370,No,2,3,3,2,2,4,No
1797,24,Female,Single,Bachelor,IT,Software Engineer,1,Mumbai,11,34353,No,2,2,3,3,0,1,No
1798,40,Male,Divorced,Master,IT,IT Manager,3,Pune,6,139394,No,1,4,4,5,3,4,Yes
1799,32,Female,Single,Bachelor,IT,Software Engineer,1,Hyderabad,4,31299,Yes,1,1,3,0,0,1,Yes
1800,28,Female,Married,Master,Sales,Sales Executive,1,Pune,6,38647,No,1,4,4,0,0,1,No
1801,35,Male,Married,Bachelor,Sales,Sales Representative,2,Nagpur,22,58736,Yes,4,2,3,3,2,6,No
1802,33,Male,Married,Bachelor,Research & Development,Lab Technician,2,Mumbai,3,72111,Yes,3,2,3,1,1,5,No
1803,25,Male,Married,Master,Research & Development,Research Scientist,1,Mumbai,6,27138,No,2,4,3,4,2,0,No
1804,36,Male,Single,Bachelor,Research & Development,Research Director,3,Bengaluru,12,121277,No,1,2,3,10,2,4,No
1805,33,Male,Single,Bachelor,Operations,Supervisor,2,Nagpur,3,59546,No,2,4,2,1,1,6,No
1806,26,Male,Single,Bachelor,Operations,Supervisor,2,Nagpur,27,84660,No,2,4,4,5,2,0,No
1807,22,Female,Single,Bachelor,Research & Development,Research Scientist,1,Nagpur,5,35804,No,4,2,3,1,1,2,Yes
1808,25,Male,Married,Master,IT,Software Engineer,1,Mumbai,12,35868,No,4,3,3,0,0,5,No
1809,37,Female,Single,Master,Operations,Supervisor,2,Hyderabad,8,91607,Yes,2,3,4,7,0,2,Yes
1810,29,Male,Married,Bachelor,Operations,Supervisor,2,Bengaluru,15,61679,No,1,2,3,8,1,5,No
1811,25,Male,Single,Bachelor,Operations,Operations Associate,1,Nagpur,9,36388,Yes,3,3,4,0,0,4,No
1812,30,Male,Single,Bachelor,Research & Development,Research Scientist,1,Hyderabad,3,44784,Yes,4,4,3,5,0,4,No
1813,41,Male,Single,Bachelor,Sales,Sales Representative,2,Nagpur,3,61274,No,3,2,3,7,3,3,No
1814,35,Female,Single,Bachelor,Operations,Operations Manager,3,Bengaluru,20,117994,No,2,3,4,3,1,0,No
1815,37,Male,Married,Master,IT,Data Analyst,2,Mumbai,1,52654,No,1,4,3,2,2,4,Yes
1816,41,Male,Single,PhD,Sales,Sales Manager,3,Pune,3,122637,Yes,3,2,4,11,1,0,Yes
1817,30,Male,Married,Bachelor,Sales,Sales Representative,2,Bengaluru,6,68656,No,2,2,3,0,0,0,No
1818,28,Male,Single,Bachelor,Research & Development,Research Scientist,1,Nagpur,12,35254,No,2,2,3,0,0,3,No
1819,35,Female,Single,Bachelor,Sales,Sales Executive,1,Mumbai,10,41676,No,4,2,3,6,1,3,No
1820,30,Male,Married,Bachelor,Research & Development,Research Scientist,1,Mumbai,3,36821,No,1,3,3,0,0,1,Yes
1821,27,Male,Married,Diploma,IT,Data Analyst,2,Hyderabad,11,54542,No,1,3,3,1,1,4,No
1822,23,Male,Divorced,Diploma,Sales,Sales Executive,1,Hyderabad,5,39501,No,4,1,3,2,0,1,No
1823,34,Male,Married,PhD,Operations,Operations Associate,1,Mumbai,10,31116,No,3,3,3,1,0,2,No
1824,46,Female,Married,Master,Research & Development,Lab Technician,2,Pune,4,75773,No,3,3,3,0,0,1,No
1825,27,Male,Single,Bachelor,Research & Development,Research Scientist,1,Nagpur,7,28482,No,3,3,3,5,1,4,Yes
1826,24,Male,Married,Bachelor,IT,Software Engineer,1,Mumbai,22,37930,No,1,3,3,3,2,0,No
1827,26,Male,Single,Bachelor,Human Resources,HR Executive,1,Bengaluru,2,41137,No,4,4,3,5,2,0,No
1828,47,Male,Divorced,Master,Sales,Sales Manager,3,Hyderabad,5,123770,Yes,3,3,3,12,1,5,No
1829,26,Female,Single,Bachelor,Research & Development,Research Scientist,1,Pune,2,35088,No,3,2,3,5,3,4,No
1830,46,Male,Married,Bachelor,Sales,Sales Manager,3,Pune,5,139924,Yes,4,4,3,11,2,0,No
1831,28,Female,Single,Master,Operations,Supervisor,2,Nagpur,4,61582,No,1,3,4,7,2,2,No
1832,35,Male,Married,Bachelor,Operations,Supervisor,2,Pune,20,107844,Yes,4,2,3,14,3,5,No
1833,21,Male,Single,Master,Sales,Sales Executive,1,Nagpur,5,32520,Yes,2,3,4,0,0,6,No
1834,24,Female,Single,Master,Sales,Sales Representative,2,Bengaluru,17,80532,No,3,3,3,3,2,0,No
1835,25,Female,Single,Bachelor,Research & Development,Research Scientist,1,Hyderabad,10,30804,Yes,1,2,3,4,2,4,Yes
1836,27,Female,Single,Diploma,Sales,Sales Executive,1,Nagpur,32,44420,No,4,3,3,5,0,5,No
1837,29,Male,Married,Bachelor,Research & Development,Lab Technician,2,Nagpur,3,60764,Yes,3,2,3,8,1,6,No
1838,23,Male,Married,Bachelor,Sales,Sales Executive,1,Hyderabad,3,37345,No,3,3,3,2,0,4,Yes
1839,40,Female,Single,Bachelor,Operations,Supervisor,2,Bengaluru,2,72222,Yes,3,3,4,11,1,5,No
1840,33,Female,Married,Bachelor,Human Resources,HR Manager,3,Nagpur,5,142323,Yes,4,2,3,12,1,6,No
1841,26,Female,Married,Bachelor,Research & Development,Research Scientist,1,Nagpur,8,35293,No,3,3,4,5,4,6,No
1842,22,Male,Married,Bachelor,Human Resources,HR Executive,1,Mumbai,13,31741,No,3,3,2,1,1,0,Yes
1843,30,Female,Married,Bachelor,Sales,Sales Representative,2,Bengaluru,11,70488,No,1,1,4,9,1,0,Yes
1844,31,Male,Single,Bachelor,Research & Development,Research Director,3,Pune,13,156193,No,4,3,3,5,1,1,No
1845,37,Male,Divorced,Diploma,Sales,Sales Manager,3,Hyderabad,4,169383,No,2,3,2,8,2,1,No
1846,49,Female,Married,Bachelor,IT,IT Manager,3,Hyderabad,2,99983,Yes,2,2,3,0,0,1,Yes
1847,23,Female,Divorced,PhD,Research & Development,Research Scientist,1,Bengaluru,2,27680,Yes,1,3,4,2,2,1,Yes
1848,34,Female,Single,Master,Sales,Sales Manager,3,Mumbai,2,125921,Yes,1,3,3,13,2,6,Yes
1849,41,Male,Single,Bachelor,Operations,Supervisor,2,Mumbai,4,65832,No,3,3,4,5,2,2,No
1850,28,Female,Married,Bachelor,Research & Development,Research Scientist,1,Bengaluru,15,32734,No,4,3,3,1,1,4,No
1851,36,Female,Married,Diploma,Sales,Sales Executive,1,Hyderabad,15,37036,Yes,2,3,3,0,0,6,Yes
1852,22,Male,Single,Diploma,Finance,Accountant,1,Bengaluru,1,37182,Yes,4,4,2,1,1,4,No
1853,54,Female,Single,Diploma,Finance,Finance Manager,3,Nagpur,3,93498,No,4,2,3,1,1,1,Yes
1854,30,Female,Married,Bachelor,Research & Development,Research Scientist,1,Hyderabad,6,32799,Yes,3,3,3,3,3,1,No
1855,34,Male,Single,Master,Operations,Operations Manager,3,Pune,2,124493,No,3,3,3,10,0,4,No
1856,42,Male,Single,Master,Human Resources,HR Manager,3,Nagpur,1,147674,No,1,3,2,6,3,3,Yes
1857,27,Male,Married,Bachelor,Research & Development,Research Scientist,1,Pune,8,33000,No,3,2,2,5,2,3,No
1858,33,Female,Married,Bachelor,Research & Development,Lab Technician,2,Mumbai,7,87320,No,4,2,3,4,1,2,No
1859,31,Male,Divorced,Diploma,IT,Software Engineer,1,Pune,9,35446,No,2,3,3,3,2,1,No
1860,26,Female,Divorced,Bachelor,IT,Software Engineer,1,Bengaluru,2,35123,Yes,4,3,3,5,2,4,No
1861,26,Male,Married,Master,Sales,Sales Executive,1,Mumbai,1,43452,No,2,2,4,5,2,1,No
1862,27,Female,Married,Bachelor,Research & Development,Research Scientist,1,Hyderabad,5,36976,No,4,3,3,1,1,3,Yes
1863,39,Male,Single,Bachelor,Research & Development,Lab Technician,2,Hyderabad,8,96847,No,4,3,4,11,2,5,No
1864,40,Male,Married,Diploma,Operations,Supervisor,2,Mumbai,7,62348,No,4,4,3,4,2,3,No
1865,35,Male,Single,Bachelor,Research & Development,Lab Technician,2,Mumbai,6,53170,No,3,3,3,1,1,1,No
1866,27,Male,Single,Diploma,Sales,Sales Executive,1,Hyderabad,12,37484,Yes,1,3,4,0,0,4,No
1867,29,Male,Single,Bachelor,Research & Development,Research Scientist,1,Hyderabad,22,38332,No,4,4,2,5,1,1,No
1868,28,Male,Divorced,Master,Sales,Sales Representative,2,Nagpur,11,51116,No,4,3,3,1,1,1,Yes
1869,26,Male,Married,PhD,Research & Development,Research Scientist,1,Bengaluru,5,41745,No,2,2,3,4,1,0,No
1870,29,Male,Single,Bachelor,Finance,Financial Analyst,2,Nagpur,18,50237,No,2,3,3,1,1,0,No
1871,36,Female,Married,Diploma,Human Resources,HR Manager,2,Mumbai,7,62121,Yes,1,2,2,7,0,4,No
1872,45,Male,Married,Bachelor,Research & Development,Research Director,3,Pune,6,114098,No,2,4,4,2,2,3,No
1873,31,Male,Single,PhD,IT,Software Engineer,1,Pune,8,33444,No,3,3,3,10,2,1,No
1874,31,Female,Single,Bachelor,Research & Development,Research Director,3,Nagpur,2,140376,No,4,2,3,9,1,4,No
1875,21,Male,Single,Master,Human Resources,HR Executive,1,Nagpur,9,25512,No,2,3,3,0,0,6,No
1876,37,Male,Single,Bachelor,Research & Development,Research Scientist,1,Nagpur,22,29908,Yes,4,3,4,0,0,2,Yes
1877,29,Female,Divorced,Master,IT,Software Engineer,1,Hyderabad,21,40660,No,1,3,3,3,3,5,No
1878,30,Male,Married,Bachelor,Research & Development,Lab Technician,2,Hyderabad,11,73138,Yes,4,4,3,9,2,5,No
1879,40,Female,Married,Bachelor,Operations,Operations Manager,3,Bengaluru,4,151518,Yes,1,3,3,4,1,3,No
1880,37,Male,Married,Bachelor,Sales,Sales Representative,2,Mumbai,21,62728,No,3,2,3,0,0,3,No
1881,26,Female,Divorced,Master,Human Resources,HR Executive,1,Nagpur,21,39354,Yes,4,3,3,2,2,3,No
1882,27,Male,Married,Diploma,IT,Software Engineer,1,Pune,3,34456,No,2,4,3,3,1,5,No
1883,27,Male,Married,Master,Finance,Accountant,1,Bengaluru,17,37007,No,2,3,2,1,1,3,Yes
1884,27,Male,Married,Master,Finance,Accountant,1,Bengaluru,24,38447,Yes,3,1,3,4,1,4,Yes
1885,26,Female,Divorced,Diploma,Human Resources,HR Executive,1,Pune,9,31122,Yes,1,3,3,2,2,5,Yes
1886,33,Male,Divorced,Bachelor,Research & Development,Lab Technician,2,Bengaluru,4,64901,No,4,3,3,2,1,5,No
1887,29,Female,Divorced,PhD,Sales,Sales Representative,2,Bengaluru,9,86098,Yes,2,3,3,5,4,1,No
1888,21,Female,Divorced,Bachelor,Human Resources,HR Executive,1,Nagpur,15,36399,No,4,3,3,0,0,1,No
1889,44,Female,Married,Master,Sales,Sales Manager,3,Pune,12,138749,No,4,4,2,6,2,2,No
1890,44,Male,Single,Bachelor,Operations,Operations Manager,3,Mumbai,5,137083,No,3,2,3,5,2,3,No
1891,31,Male,Single,PhD,IT,Software Engineer,1,Hyderabad,4,34785,No,2,1,3,4,3,3,No
1892,22,Male,Single,Master,Research & Development,Lab Technician,2,Bengaluru,9,57644,No,4,3,2,1,1,0,No
1893,29,Male,Married,Diploma,Operations,Operations Associate,1,Mumbai,8,26947,No,2,1,3,2,2,0,No
1894,29,Male,Divorced,Diploma,Sales,Sales Representative,2,Nagpur,3,68695,Yes,2,1,3,7,2,5,Yes
1895,23,Female,Single,Master,Research & Development,Research Scientist,1,Pune,7,39621,No,3,2,3,2,1,2,No
1896,21,Male,Married,Master,IT,Software Engineer,1,Mumbai,5,36903,No,1,3,4,0,0,6,No
1897,33,Female,Single,Master,Human Resources,HR Executive,1,Mumbai,16,35708,No,2,3,4,0,0,2,No
1898,24,Female,Single,Bachelor,Research & Development,Research Scientist,1,Nagpur,12,33867,Yes,4,1,3,1,0,6,No
1899,42,Male,Married,Diploma,Operations,Supervisor,2,Mumbai,10,84601,No,3,3,3,4,1,4,No
1900,39,Male,Married,Master,IT,Software Engineer,1,Mumbai,9,37322,No,4,4,2,9,3,2,No
1901,29,Male,Married,Bachelor,Research & Development,Research Scientist,1,Hyderabad,29,37016,No,2,3,4,0,0,1,No
1902,21,Male,Married,Master,Sales,Sales Executive,1,Pune,4,38203,Yes,3,2,4,0,0,5,Yes
1903,33,Female,Single,Bachelor,IT,Software Engineer,1,Nagpur,4,27582,No,4,3,3,1,0,3,No
1904,27,Female,Single,Master,Research & Development,Research Scientist,1,Hyderabad,19,26878,No,4,3,4,1,1,5,No
1905,32,Male,Single,Bachelor,Research & Development,Research Scientist,1,Mumbai,16,36705,No,4,1,3,10,2,5,No
1906,21,Male,Divorced,PhD,Operations,Operations Associate,1,Hyderabad,6,32420,No,2,3,3,0,0,0,Yes
1907,30,Male,Single,Bachelor,Operations,Operations Associate,1,Nagpur,21,38800,No,4,4,4,1,1,3,No
1908,43,Male,Divorced,Diploma,Research & Development,Research Director,3,Pune,1,118403,No,4,3,2,5,0,5,No
1909,21,Female,Divorced,Bachelor,Research & Development,Research Scientist,1,Mumbai,8,29627,Yes,3,1,3,0,0,4,Yes
1910,30,Female,Divorced,Bachelor,Sales,Sales Executive,1,Bengaluru,19,27887,Yes,4,1,4,1,0,3,Yes
1911,30,Male,Married,Master,Sales,Sales Executive,1,Hyderabad,15,35073,No,3,4,4,4,1,6,No
1912,40,Male,Married,Diploma,IT,Data Analyst,2,Pune,11,86563,No,1,4,3,6,1,4,No
1913,21,Female,Married,PhD,Human Resources,HR Executive,1,Mumbai,20,30574,Yes,4,1,3,0,0,0,Yes
1914,41,Male,Single,Bachelor,Operations,Operations Manager,3,Hyderabad,17,174204,No,3,2,4,10,0,1,No
1915,29,Male,Single,Bachelor,Human Resources,HR Manager,2,Pune,16,94797,Yes,2,4,3,8,2,2,No
1916,35,Male,Single,Bachelor,Sales,Sales Manager,3,Pune,14,119889,No,3,3,3,5,4,5,Yes
1917,28,Male,Single,Bachelor,Sales,Sales Representative,2,Bengaluru,1,71367,Yes,3,2,4,0,0,5,Yes
1918,32,Male,Married,Bachelor,Research & Development,Research Director,3,Nagpur,18,176886,Yes,3,3,3,11,2,1,No
1919,33,Female,Married,Master,Finance,Accountant,1,Bengaluru,7,36198,No,2,2,3,2,2,6,No
1920,41,Male,Married,Diploma,IT,IT Manager,3,Mumbai,6,114249,No,1,3,3,6,0,1,Yes
1921,40,Male,Married,Master,Operations,Operations Manager,3,Mumbai,26,150546,No,1,3,3,16,1,4,No
1922,32,Female,Married,Bachelor,Human Resources,HR Executive,1,Nagpur,13,26535,No,4,1,3,0,0,6,No
1923,32,Male,Divorced,Diploma,Sales,Sales Representative,2,Bengaluru,7,53322,Yes,1,3,4,0,0,3,Yes
1924,23,Female,Single,Master,Research & Development,Research Scientist,1,Nagpur,18,27064,Yes,2,3,3,0,0,6,No
1925,48,Male,Divorced,Master,Sales,Sales Manager,3,Bengaluru,12,136826,Yes,2,3,3,0,0,5,No
1926,39,Male,Married,Bachelor,Sales,Sales Representative,2,Pune,29,80199,No,2,2,3,18,3,0,No
1927,41,Female,Married,Bachelor,Research & Development,Research Scientist,1,Nagpur,18,31316,No,3,3,3,1,1,3,Yes
1928,45,Female,Single,Master,Sales,Sales Manager,3,Hyderabad,7,174986,Yes,1,4,3,8,1,5,No
1929,36,Male,Married,Master,IT,IT Manager,3,Hyderabad,4,156498,No,1,3,3,15,2,3,No
1930,26,Female,Single,Master,Operations,Operations Associate,1,Mumbai,59,33080,Yes,4,2,4,1,1,6,Yes
1931,24,Male,Married,Bachelor,Research & Development,Research Scientist,1,Mumbai,1,33431,No,4,3,3,0,0,6,No
1932,36,Female,Single,Master,Sales,Sales Representative,2,Nagpur,15,51522,No,2,4,3,1,1,1,No
1933,40,Male,Single,Diploma,Sales,Sales Representative,2,Hyderabad,7,85528,Yes,4,3,4,15,2,4,No
1934,27,Female,Married,Bachelor,Sales,Sales Representative,2,Bengaluru,1,76634,Yes,3,3,3,5,1,3,No
1935,27,Male,Married,Master,Research & Development,Research Director,3,Nagpur,12,144674,No,1,3,3,6,1,1,No
1936,30,Male,Married,Bachelor,IT,Software Engineer,1,Nagpur,26,35236,Yes,4,3,2,0,0,4,No
1937,36,Female,Married,Master,Operations,Supervisor,2,Bengaluru,16,54108,Yes,1,4,3,2,2,6,No
1938,22,Female,Married,Bachelor,Sales,Sales Executive,1,Bengaluru,7,28031,Yes,4,4,3,1,1,0,No
1939,33,Female,Married,Master,Sales,Sales Representative,2,Pune,30,89452,No,3,3,3,5,2,5,No
1940,22,Male,Divorced,Bachelor,Operations,Operations Associate,1,Bengaluru,8,26007,No,2,3,3,1,1,5,Yes
1941,25,Male,Married,Bachelor,Sales,Sales Executive,1,Bengaluru,6,28373,No,4,2,3,4,4,6,No
1942,36,Male,Single,Master,Research & Development,Lab Technician,2,Nagpur,9,77877,No,3,4,4,1,0,4,No
1943,40,Male,Single,Bachelor,Research & Development,Research Director,3,Bengaluru,41,135236,No,2,2,2,12,3,4,Yes
1944,49,Female,Divorced,Bachelor,IT,IT Manager,3,Pune,23,249289,No,1,1,3,28,3,0,No
1945,25,Female,Married,Bachelor,Finance,Accountant,1,Bengaluru,15,43226,Yes,4,3,2,4,4,3,No
1946,27,Male,Married,Bachelor,Research & Development,Research Scientist,1,Mumbai,20,38853,Yes,1,2,2,0,0,3,No
1947,39,Male,Divorced,Bachelor,Research & Development,Lab Technician,2,Hyderabad,13,64995,No,4,3,3,3,3,5,No
1948,38,Female,Married,Bachelor,IT,IT Manager,3,Hyderabad,9,126364,No,1,2,3,5,2,5,No
1949,32,Male,Married,Bachelor,Sales,Sales Executive,1,Bengaluru,27,34198,No,2,1,3,0,0,5,No
1950,28,Male,Married,Bachelor,IT,Software Engineer,1,Pune,13,33404,Yes,2,3,4,1,1,1,No
1951,27,Female,Single,Master,Research & Development,Research Scientist,1,Pune,5,42249,No,3,2,2,5,2,1,No
1952,44,Female,Divorced,Master,IT,IT Manager,3,Pune,10,188528,No,4,3,3,16,3,1,No
1953,29,Male,Married,Master,Research & Development,Lab Technician,2,Nagpur,7,72422,No,4,4,3,4,1,4,No
1954,24,Male,Married,Bachelor,Research & Development,Research Scientist,1,Hyderabad,14,31968,No,4,1,2,3,1,2,No
1955,42,Male,Married,Master,Sales,Sales Manager,3,Bengaluru,12,143580,Yes,2,1,3,3,0,0,Yes
1956,35,Female,Married,Bachelor,IT,Data Analyst,2,Hyderabad,18,65789,No,1,3,3,2,2,0,No
1957,25,Male,Married,Bachelor,Research & Development,Research Scientist,1,Pune,14,34081,No,3,3,3,1,1,5,No
1958,41,Male,Single,Bachelor,Sales,Sales Manager,3,Pune,19,124443,No,4,3,3,11,3,5,No
1959,26,Female,Divorced,Bachelor,Research & Development,Research Scientist,1,Mumbai,15,36028,Yes,2,3,3,1,1,2,Yes
1960,30,Male,Single,Master,Sales,Sales Executive,1,Mumbai,4,30605,No,3,3,3,9,2,0,No
1961,22,Male,Divorced,Bachelor,Sales,Sales Executive,1,Bengaluru,22,37209,No,2,3,3,1,1,3,No
1962,30,Female,Married,Bachelor,IT,Software Engineer,1,Hyderabad,10,31747,Yes,1,3,3,5,0,2,No
1963,36,Male,Single,Master,Sales,Sales Executive,1,Pune,18,26504,No,3,3,4,3,1,1,Yes
1964,28,Female,Single,Master,Research & Development,Lab Technician,2,Mumbai,35,65891,No,2,4,3,7,4,5,Yes
1965,38,Male,Single,Bachelor,Sales,Sales Executive,1,Bengaluru,11,33390,Yes,3,3,3,2,1,5,No
1966,39,Female,Married,Bachelor,Research & Development,Lab Technician,2,Hyderabad,2,79467,No,3,2,4,7,1,4,No
1967,24,Male,Married,Diploma,Sales,Sales Executive,1,Mumbai,3,41382,No,4,4,4,3,3,3,No
1968,22,Male,Single,Diploma,Research & Development,Research Scientist,1,Mumbai,7,36519,No,3,3,3,1,1,5,No
1969,35,Male,Married,Bachelor,Research & Development,Research Scientist,1,Hyderabad,7,45291,Yes,4,3,3,7,0,3,No
1970,41,Female,Single,Master,Operations,Supervisor,2,Nagpur,9,70845,No,3,3,4,6,1,4,No
1971,38,Male,Single,Master,IT,IT Manager,3,Bengaluru,16,115412,Yes,3,1,4,7,1,0,No
1972,30,Female,Single,Master,Research & Development,Research Scientist,1,Pune,32,46080,No,1,3,3,9,3,4,No
1973,33,Male,Married,Bachelor,Finance,Financial Analyst,2,Bengaluru,28,68087,No,3,2,4,1,1,5,No
1974,29,Female,Single,Bachelor,Research & Development,Research Scientist,1,Pune,11,24930,Yes,1,1,3,0,0,5,Yes
1975,29,Male,Single,Master,Sales,Sales Executive,1,Mumbai,7,32304,Yes,4,3,4,1,1,1,Yes
1976,35,Male,Married,Diploma,Sales,Sales Representative,2,Bengaluru,8,86618,Yes,2,3,3,14,2,4,No
1977,29,Female,Single,Diploma,IT,Data Analyst,2,Bengaluru,14,61543,No,4,2,3,1,1,4,No
1978,40,Male,Married,Diploma,Human Resources,HR Manager,2,Pune,6,83819,Yes,4,3,3,11,3,3,No
1979,31,Female,Divorced,Master,Sales,Sales Representative,2,Hyderabad,11,59916,Yes,3,3,2,3,1,0,No
1980,30,Female,Single,Bachelor,Research & Development,Research Scientist,1,Pune,12,28876,Yes,3,3,3,1,1,3,Yes
1981,40,Male,Single,Master,Human Resources,HR Manager,3,Pune,14,93259,No,3,2,3,0,0,5,No
1982,39,Female,Single,Diploma,Operations,Operations Manager,3,Bengaluru,11,152727,No,4,3,3,3,0,5,No
1983,30,Male,Married,Bachelor,Research & Development,Lab Technician,2,Mumbai,9,63763,Yes,4,2,3,0,0,2,No
1984,34,Male,Married,Bachelor,IT,IT Manager,3,Pune,9,118082,No,3,4,3,11,0,2,No
1985,33,Female,Married,Master,Sales,Sales Representative,2,Bengaluru,21,87256,Yes,2,4,3,4,1,4,Yes
1986,29,Male,Married,Bachelor,Research & Development,Research Scientist,1,Mumbai,9,31496,No,4,3,2,8,2,5,No
1987,37,Male,Married,Master,Finance,Accountant,1,Hyderabad,9,37153,No,2,3,2,1,1,3,No
1988,24,Male,Married,Master,IT,Software Engineer,1,Nagpur,22,28443,No,3,3,3,0,0,6,No
1989,32,Female,Single,Diploma,IT,Software Engineer,1,Bengaluru,18,33604,Yes,4,3,2,4,1,4,Yes
1990,32,Male,Married,Bachelor,Research & Development,Research Scientist,1,Hyderabad,1,43553,No,1,3,3,9,0,5,No
1991,35,Male,Married,Bachelor,Research & Development,Lab Technician,2,Hyderabad,24,103195,Yes,2,2,3,14,0,2,No
1992,35,Male,Married,Diploma,Operations,Supervisor,2,Hyderabad,13,77443,Yes,2,2,4,1,1,3,No
1993,38,Female,Single,PhD,IT,Data Analyst,2,Pune,15,67162,No,4,3,3,1,1,2,No
1994,28,Male,Single,Bachelor,IT,Software Engineer,1,Nagpur,5,46652,No,3,3,3,7,1,5,No
1995,28,Female,Single,Master,Sales,Sales Representative,2,Pune,2,50880,No,3,1,3,2,1,2,No
1996,36,Female,Married,Bachelor,Research & Development,Lab Technician,2,Nagpur,17,91418,No,2,3,3,6,2,4,No
1997,42,Male,Married,Bachelor,Sales,Sales Representative,2,Bengaluru,5,80377,No,3,3,4,3,1,2,No
1998,36,Female,Married,PhD,Sales,Sales Representative,2,Hyderabad,10,85400,No,3,2,3,10,1,4,No
1999,22,Male,Single,Bachelor,Research & Development,Research Scientist,1,Nagpur,9,33637,No,2,2,3,1,1,4,No
2000,40,Female,Divorced,PhD,IT,IT Manager,3,Bengaluru,9,186083,Yes,2,3,3,15,3,1,No
2001,34,Male,Single,Master,Research & Development,Research Scientist,1,Nagpur,5,32236,Yes,2,1,3,1,1,1,Yes
2002,21,Male,Single,Bachelor,IT,Software Engineer,1,Mumbai,5,34165,Yes,3,2,3,0,0,3,Yes
2003,29,Female,Married,Master,Finance,Accountant,1,Hyderabad,8,39116,No,4,1,3,3,3,5,No
2004,38,Male,Married,Diploma,IT,Data Analyst,2,Bengaluru,31,68135,No,1,3,3,0,0,4,No
2005,30,Male,Married,Master,Research & Development,Lab Technician,2,Hyderabad,6,69761,No,1,3,3,9,2,1,No
2006,37,Female,Married,Master,Finance,Financial Analyst,2,Hyderabad,11,103641,No,1,3,3,12,3,3,No
2007,33,Male,Divorced,Master,Research & Development,Lab Technician,2,Nagpur,28,80883,No,4,3,4,9,1,1,Yes
2008,38,Male,Single,Master,Research & Development,Lab Technician,2,Bengaluru,27,86533,No,4,1,3,11,1,0,No
2009,31,Male,Single,Diploma,IT,Data Analyst,2,Nagpur,1,71837,Yes,3,3,3,6,0,3,No
2010,45,Male,Married,Bachelor,Research & Development,Research Director,3,Pune,5,145733,No,1,1,2,10,2,0,Yes
2011,32,Male,Married,Master,Sales,Sales Executive,1,Nagpur,2,43610,No,2,2,2,9,2,2,No
2012,26,Female,Married,Master,Sales,Sales Executive,1,Mumbai,6,28675,Yes,1,3,3,0,0,6,Yes
2013,36,Male,Single,Bachelor,IT,Data Analyst,2,Bengaluru,4,67384,No,4,1,4,1,0,2,Yes
2014,35,Male,Married,Bachelor,Operations,Supervisor,2,Mumbai,7,99669,No,3,3,4,14,3,5,No
2015,29,Male,Divorced,Diploma,Finance,Accountant,1,Pune,11,40523,No,4,3,3,8,0,1,No
2016,40,Female,Divorced,Master,Sales,Sales Manager,3,Nagpur,6,122517,No,3,3,2,4,3,4,No
2017,31,Male,Single,Bachelor,IT,Software Engineer,1,Nagpur,14,33023,Yes,4,3,3,3,3,3,No
2018,34,Female,Married,Bachelor,Finance,Financial Analyst,2,Bengaluru,5,72371,No,4,3,2,0,0,2,No
2019,29,Female,Married,Bachelor,Human Resources,HR Executive,1,Pune,8,32532,No,1,3,3,4,4,1,No
2020,33,Female,Married,Bachelor,Sales,Sales Representative,2,Nagpur,1,68245,Yes,4,2,4,12,2,0,No
2021,32,Female,Married,Bachelor,Research & Development,Research Scientist,1,Hyderabad,14,47095,No,2,4,3,7,1,3,No
2022,35,Female,Married,Diploma,Research & Development,Lab Technician,2,Nagpur,18,75493,Yes,3,4,4,0,0,5,No
2023,31,Male,Single,Diploma,Research & Development,Research Scientist,1,Bengaluru,6,34197,No,1,3,4,9,2,1,No
2024,22,Female,Divorced,Master,IT,Software Engineer,1,Pune,13,33598,Yes,3,3,3,1,1,5,No
2025,35,Male,Single,Bachelor,Research & Development,Research Scientist,1,Mumbai,8,36063,Yes,1,3,2,0,0,1,Yes
2026,24,Female,Married,Master,Operations,Operations Associate,1,Pune,5,38286,No,1,2,3,3,1,4,No
2027,34,Male,Married,Diploma,Research & Development,Lab Technician,2,Mumbai,7,70464,No,3,2,3,3,3,6,Yes
2028,38,Male,Single,Master,Research & Development,Research Director,3,Nagpur,15,112431,No,3,2,3,3,3,3,Yes
2029,35,Female,Married,PhD,Sales,Sales Representative,2,Nagpur,5,87803,No,4,3,3,7,1,3,No
2030,24,Male,Married,Diploma,Sales,Sales Executive,1,Nagpur,6,41014,No,3,3,3,3,1,2,No
2031,29,Male,Divorced,Bachelor,Operations,Operations Associate,1,Bengaluru,14,28672,No,2,3,3,0,0,5,Yes
2032,29,Male,Married,Bachelor,Operations,Supervisor,2,Hyderabad,7,89508,No,3,3,3,6,1,0,No
2033,21,Male,Married,Master,Human Resources,HR Executive,1,Pune,2,29313,Yes,3,2,3,0,0,5,Yes
2034,27,Male,Married,Bachelor,Finance,Accountant,1,Hyderabad,2,28103,No,4,3,3,1,1,0,No
2035,21,Female,Married,Bachelor,Finance,Accountant,1,Nagpur,10,35081,Yes,4,3,3,0,0,1,Yes
2036,35,Male,Married,Bachelor,IT,Data Analyst,2,Pune,1,92797,Yes,1,1,3,10,1,6,Yes
2037,24,Female,Married,Bachelor,Research & Development,Research Scientist,1,Bengaluru,1,32668,No,4,3,3,3,2,1,No
2038,36,Male,Married,Bachelor,Sales,Sales Representative,2,Pune,4,73247,Yes,3,2,3,2,2,4,No
2039,28,Female,Divorced,Bachelor,Sales,Sales Executive,1,Bengaluru,19,38636,No,2,3,4,6,3,0,No
2040,46,Male,Single,PhD,IT,IT Manager,3,Nagpur,6,107588,No,3,3,3,0,0,6,No
2041,31,Male,Married,Master,IT,Data Analyst,2,Mumbai,15,80552,Yes,4,3,3,3,2,6,Yes
2042,40,Female,Single,Bachelor,IT,IT Manager,3,Pune,25,93363,No,3,2,3,0,0,0,No
2043,31,Male,Married,PhD,IT,Software Engineer,1,Pune,10,40271,Yes,4,3,2,7,1,1,No
2044,32,Male,Divorced,Diploma,Sales,Sales Representative,2,Nagpur,26,65275,No,3,3,3,11,3,6,No
2045,35,Male,Married,PhD,IT,IT Manager,3,Pune,17,96110,No,3,1,3,2,2,4,No
2046,30,Female,Divorced,Bachelor,Sales,Sales Representative,2,Mumbai,6,70723,Yes,4,4,4,1,1,4,No
2047,31,Male,Married,Master,IT,Software Engineer,1,Mumbai,11,37815,No,3,3,3,2,0,3,No
2048,31,Female,Married,Diploma,Sales,Sales Representative,2,Hyderabad,7,69888,No,3,3,3,2,0,5,No
2049,27,Male,Married,Bachelor,Finance,Accountant,1,Pune,16,36821,Yes,1,4,3,0,0,5,No
2050,27,Male,Married,Bachelor,Research & Development,Research Scientist,1,Pune,4,31598,No,1,4,3,3,3,2,Yes
2051,26,Male,Married,Diploma,Human Resources,HR Executive,1,Bengaluru,12,41089,No,1,1,2,2,2,6,No
2052,23,Female,Single,Bachelor,Sales,Sales Executive,1,Bengaluru,14,33527,No,2,4,3,0,0,0,No
2053,30,Male,Single,Master,IT,Data Analyst,2,Hyderabad,1,50318,No,2,4,3,0,0,2,Yes
2054,21,Female,Single,Bachelor,Operations,Operations Associate,1,Mumbai,4,36833,No,4,3,3,0,0,0,Yes
2055,29,Male,Married,Bachelor,Sales,Sales Executive,1,Pune,4,38063,Yes,1,3,4,7,0,0,No
2056,25,Male,Married,Master,Human Resources,HR Executive,1,Bengaluru,15,27416,No,2,4,3,2,0,5,No
2057,29,Male,Married,Bachelor,IT,Software Engineer,1,Mumbai,6,30260,No,4,3,4,0,0,4,No
2058,43,Male,Married,Master,Operations,Operations Manager,3,Nagpur,2,128078,No,3,3,3,1,0,3,No
2059,26,Female,Married,Master,IT,Software Engineer,1,Nagpur,3,38619,No,3,1,4,5,5,6,No
2060,33,Female,Married,Bachelor,Research & Development,Lab Technician,2,Pune,29,73444,No,2,3,3,3,3,2,Yes
2061,29,Male,Single,Bachelor,Human Resources,HR Manager,2,Hyderabad,24,61019,Yes,1,3,3,5,3,3,Yes
2062,45,Female,Single,Bachelor,Finance,Financial Analyst,2,Mumbai,2,54058,No,1,3,3,0,0,5,No
2063,23,Female,Single,Master,Sales,Sales Executive,1,Bengaluru,13,36338,No,2,2,2,0,0,5,No
2064,24,Male,Divorced,Master,Operations,Operations Associate,1,Bengaluru,13,41063,Yes,1,2,3,3,3,4,No
2065,26,Female,Married,Master,Research & Development,Research Scientist,1,Pune,2,41380,No,1,2,3,5,1,5,No
2066,25,Male,Married,Master,Research & Development,Research Scientist,1,Bengaluru,20,33103,No,2,1,4,0,0,1,Yes
2067,22,Female,Single,Bachelor,Sales,Sales Executive,1,Mumbai,7,37489,Yes,1,4,3,1,1,6,Yes
2068,36,Female,Married,Bachelor,Research & Development,Lab Technician,2,Mumbai,19,102275,No,4,4,2,13,2,4,No
2069,39,Female,Single,Bachelor,Sales,Sales Representative,2,Mumbai,4,65076,No,4,3,3,6,2,1,Yes
2070,43,Female,Single,Master,Research & Development,Research Director,3,Mumbai,9,104163,No,3,3,4,1,1,4,No
2071,32,Male,Married,Master,Finance,Financial Analyst,2,Nagpur,12,86624,No,3,2,3,7,1,2,No
2072,44,Male,Single,Master,Research & Development,Lab Technician,2,Hyderabad,11,76071,No,3,3,3,1,0,6,No
2073,31,Female,Divorced,Bachelor,IT,Software Engineer,1,Mumbai,18,38306,No,3,3,3,0,0,6,No
2074,35,Male,Married,Bachelor,Finance,Finance Manager,3,Pune,9,141446,No,2,2,4,1,0,4,Yes
2075,47,Male,Married,Bachelor,Operations,Supervisor,2,Mumbai,7,56814,No,2,2,4,0,0,1,No
2076,26,Male,Married,PhD,Sales,Sales Executive,1,Nagpur,4,33164,No,3,3,3,5,1,4,Yes
2077,38,Male,Married,Bachelor,Research & Development,Research Director,3,Bengaluru,2,116354,No,3,2,3,0,0,4,No
2078,21,Male,Divorced,Master,IT,Software Engineer,1,Bengaluru,3,33794,No,3,1,3,0,0,0,No
2079,28,Male,Single,Diploma,IT,Software Engineer,1,Mumbai,8,33874,Yes,1,3,3,1,1,4,Yes
2080,26,Female,Married,Bachelor,IT,Software Engineer,1,Hyderabad,9,38176,No,4,2,3,0,0,3,No
2081,50,Female,Married,Master,Operations,Operations Manager,3,Bengaluru,13,162791,No,4,3,3,5,2,3,No
2082,24,Female,Divorced,Bachelor,Sales,Sales Executive,1,Pune,12,39393,No,3,1,3,3,3,3,No
2083,37,Male,Single,Bachelor,IT,Software Engineer,1,Hyderabad,14,42364,No,2,3,3,3,0,1,No
2084,26,Male,Married,Master,Sales,Sales Executive,1,Pune,7,33385,No,2,3,3,5,2,3,No
2085,29,Female,Married,Master,IT,Software Engineer,1,Hyderabad,7,39937,No,3,2,4,6,3,6,No
2086,22,Female,Single,Bachelor,IT,Software Engineer,1,Hyderabad,4,33055,No,3,3,4,1,1,3,No
2087,28,Male,Married,Bachelor,Finance,Accountant,1,Pune,31,30149,Yes,4,2,3,5,4,3,No
2088,29,Male,Single,Diploma,Human Resources,HR Executive,1,Mumbai,9,31994,No,4,2,2,8,1,6,No
2089,40,Male,Married,Bachelor,Finance,Finance Manager,3,Bengaluru,4,181072,No,3,3,3,9,2,5,No
2090,39,Male,Married,Bachelor,Research & Development,Research Director,3,Pune,8,142843,No,4,2,4,0,0,3,No
2091,37,Male,Divorced,Master,IT,IT Manager,3,Mumbai,20,126317,Yes,3,3,3,3,3,6,No
2092,29,Male,Married,Master,Research & Development,Research Scientist,1,Nagpur,10,30713,Yes,2,3,3,0,0,3,Yes
2093,36,Female,Married,Diploma,Research & Development,Lab Technician,2,Pune,12,76587,No,1,2,3,11,1,1,Yes
2094,33,Male,Single,Bachelor,Sales,Sales Manager,3,Pune,13,134851,Yes,3,2,3,2,0,2,No
2095,22,Female,Married,Bachelor,Research & Development,Research Scientist,1,Bengaluru,25,34279,No,3,3,2,1,1,0,No
2096,23,Male,Married,Diploma,Sales,Sales Executive,1,Bengaluru,1,31689,No,4,1,3,2,2,5,No
2097,32,Male,Married,Diploma,Research & Development,Lab Technician,2,Mumbai,10,85599,No,3,2,4,4,2,5,No
2098,33,Male,Married,Diploma,Operations,Supervisor,2,Pune,2,101970,Yes,2,4,2,11,3,0,No
2099,36,Female,Married,Bachelor,Research & Development,Research Scientist,1,Pune,14,33325,No,4,3,2,2,2,0,No
2100,40,Male,Single,Master,Human Resources,HR Manager,2,Nagpur,11,74017,No,4,4,3,3,3,1,No
2101,34,Male,Divorced,Master,Research & Development,Research Director,3,Hyderabad,10,145930,No,2,2,3,10,1,1,No
2102,29,Female,Married,Diploma,Research & Development,Research Scientist,1,Nagpur,12,35067,No,2,3,3,2,2,5,No
2103,29,Male,Married,Bachelor,IT,Software Engineer,1,Pune,5,29368,No,2,3,2,0,0,5,No
2104,26,Female,Divorced,Diploma,IT,Software Engineer,1,Nagpur,5,26932,No,1,3,3,1,1,5,No
2105,26,Female,Married,Master,IT,Software Engineer,1,Hyderabad,10,33561,Yes,4,3,4,1,1,6,No
2106,33,Female,Married,Bachelor,Sales,Sales Executive,1,Bengaluru,5,29171,No,3,2,3,0,0,2,No
2107,26,Female,Married,Master,Sales,Sales Executive,1,Hyderabad,5,41773,No,2,3,3,5,1,3,No
2108,45,Female,Married,Master,Sales,Sales Manager,3,Pune,1,187168,Yes,3,4,4,18,1,0,Yes
2109,31,Male,Married,Bachelor,Sales,Sales Manager,3,Bengaluru,7,107005,No,4,3,3,2,2,0,Yes
2110,23,Female,Married,Diploma,Operations,Operations Associate,1,Mumbai,5,28980,No,4,3,3,0,0,5,No
2111,21,Female,Single,Diploma,Research & Development,Research Scientist,1,Pune,13,32058,Yes,3,3,2,0,0,5,Yes
2112,24,Female,Married,Diploma,Human Resources,HR Manager,2,Pune,7,79060,Yes,3,2,2,3,1,1,Yes
2113,21,Male,Married,Bachelor,Research & Development,Research Scientist,1,Bengaluru,14,26904,No,3,3,4,0,0,6,No
2114,22,Male,Single,Diploma,Sales,Sales Executive,1,Mumbai,5,32517,No,1,2,3,1,1,6,No
2115,30,Male,Married,Master,Research & Development,Research Scientist,1,Mumbai,6,45177,No,3,4,3,8,1,0,No
2116,25,Male,Single,Diploma,Research & Development,Research Scientist,1,Pune,19,30958,No,2,1,3,4,3,4,No
2117,35,Female,Married,Diploma,Research & Development,Research Director,3,Pune,22,145993,No,4,3,3,9,1,5,No
2118,34,Male,Married,Diploma,IT,Data Analyst,2,Bengaluru,15,96886,No,3,4,3,10,3,6,No
2119,36,Male,Single,Bachelor,Research & Development,Lab Technician,2,Hyderabad,17,53216,No,3,2,2,3,1,4,No
2120,28,Male,Married,PhD,Human Resources,HR Manager,2,Nagpur,15,56542,No,3,4,3,2,2,3,No
2121,32,Female,Single,Bachelor,Research & Development,Research Scientist,1,Bengaluru,17,37777,Yes,1,2,4,9,0,5,No
2122,28,Male,Married,PhD,Research & Development,Research Scientist,1,Hyderabad,4,35686,No,3,4,3,0,0,2,No
2123,36,Female,Divorced,Diploma,IT,Software Engineer,1,Mumbai,1,28533,No,4,3,3,1,1,5,Yes
2124,26,Female,Single,Bachelor,Human Resources,HR Executive,1,Bengaluru,11,29306,No,3,4,4,5,3,5,Yes
2125,24,Male,Married,Master,Finance,Accountant,1,Hyderabad,18,33695,No,2,3,3,0,0,6,No
2126,32,Male,Married,Bachelor,Sales,Sales Representative,2,Mumbai,20,82539,Yes,3,4,4,3,1,5,No
2127,34,Male,Married,Master,Research & Development,Lab Technician,2,Mumbai,1,82973,No,4,4,3,8,2,2,No
2128,37,Female,Divorced,Bachelor,IT,Data Analyst,2,Hyderabad,14,68283,No,4,3,4,4,2,6,No
2129,27,Male,Married,Bachelor,Research & Development,Research Scientist,1,Bengaluru,1,24723,No,3,3,3,0,0,0,No
2130,25,Male,Single,Master,Operations,Operations Associate,1,Hyderabad,22,28648,No,4,3,3,4,4,4,No
2131,35,Female,Married,Diploma,Sales,Sales Representative,2,Hyderabad,24,64294,No,1,4,3,3,2,3,No
2132,30,Male,Divorced,Bachelor,Research & Development,Research Scientist,1,Bengaluru,24,31508,No,3,4,3,1,1,2,No
2133,21,Male,Married,Bachelor,Research & Development,Research Scientist,1,Bengaluru,11,25369,No,4,3,3,0,0,2,Yes
2134,25,Male,Single,Master,Sales,Sales Representative,2,Pune,12,63273,No,3,2,3,4,1,6,No
2135,46,Female,Single,Bachelor,Finance,Financial Analyst,2,Hyderabad,13,77182,No,4,3,3,2,1,0,No
2136,23,Male,Single,Diploma,IT,Software Engineer,1,Nagpur,18,25524,Yes,3,2,4,0,0,2,No
2137,37,Male,Married,Master,IT,Data Analyst,2,Pune,1,57070,Yes,3,3,3,1,1,6,Yes
2138,31,Female,Married,Bachelor,IT,Data Analyst,2,Bengaluru,13,66133,No,3,3,4,7,1,2,No
2139,22,Male,Married,Master,Sales,Sales Executive,1,Mumbai,30,25218,Yes,1,4,3,1,1,0,Yes
2140,41,Female,Married,Master,Research & Development,Research Director,3,Hyderabad,9,172579,No,4,3,3,13,3,3,No
2141,26,Female,Married,PhD,IT,Software Engineer,1,Mumbai,7,31369,Yes,1,3,3,1,1,2,Yes
2142,26,Male,Married,Master,IT,Data Analyst,2,Bengaluru,1,77750,No,1,4,3,0,0,3,No
2143,30,Female,Single,Bachelor,IT,Data Analyst,2,Hyderabad,3,63071,No,3,3,4,9,2,3,No
2144,36,Male,Single,Diploma,Sales,Sales Representative,2,Pune,29,64178,No,3,2,3,10,5,0,No
2145,24,Male,Single,Bachelor,Research & Development,Lab Technician,2,Pune,15,57005,No,2,4,4,3,1,1,No
2146,22,Female,Single,Master,IT,Data Analyst,2,Mumbai,5,74135,No,2,3,3,1,1,5,No
2147,27,Female,Single,Bachelor,IT,Data Analyst,2,Mumbai,3,87782,Yes,4,3,2,6,5,6,Yes
2148,33,Male,Single,Bachelor,Sales,Sales Representative,2,Pune,12,71224,No,4,2,2,2,2,4,No
2149,24,Male,Single,Bachelor,Sales,Sales Executive,1,Nagpur,9,32576,No,4,2,3,3,1,1,No
2150,26,Male,Married,Bachelor,Sales,Sales Representative,2,Bengaluru,1,61007,No,2,3,4,1,1,5,No
2151,35,Male,Divorced,Bachelor,Human Resources,HR Manager,2,Mumbai,3,94937,Yes,3,2,3,14,1,0,No
2152,30,Male,Single,Bachelor,Finance,Financial Analyst,2,Bengaluru,2,50345,Yes,1,2,3,0,0,2,Yes
2153,34,Male,Single,Bachelor,Sales,Sales Representative,2,Bengaluru,6,68666,No,1,3,3,6,4,3,No
2154,31,Male,Single,Master,Human Resources,HR Executive,1,Mumbai,8,45729,No,3,2,3,7,2,3,No
2155,38,Male,Married,Master,Research & Development,Lab Technician,2,Mumbai,6,73326,Yes,1,4,2,9,1,3,No
2156,30,Male,Divorced,Diploma,Operations,Supervisor,2,Pune,5,81902,No,2,3,3,5,4,6,No
2157,33,Female,Married,Master,Research & Development,Research Scientist,1,Bengaluru,4,41103,Yes,4,2,3,6,2,4,No
2158,30,Male,Married,Bachelor,Finance,Financial Analyst,2,Mumbai,6,60611,No,1,4,3,6,2,2,Yes
2159,41,Male,Single,Master,IT,Data Analyst,2,Pune,22,101195,No,3,4,4,13,0,1,No
2160,31,Female,Divorced,Bachelor,Sales,Sales Executive,1,Pune,6,26303,No,1,3,3,1,1,2,No
2161,35,Female,Married,Master,Sales,Sales Representative,2,Pune,2,55013,Yes,2,2,3,0,0,2,Yes
2162,24,Female,Divorced,Bachelor,IT,Software Engineer,1,Pune,3,25150,Yes,1,3,3,1,1,6,No
2163,35,Male,Single,Bachelor,Research & Development,Lab Technician,2,Hyderabad,5,77185,Yes,1,1,4,14,1,1,Yes
2164,37,Male,Single,Master,Finance,Financial Analyst,2,Mumbai,6,71337,Yes,4,2,3,0,0,2,No
2165,22,Male,Married,Diploma,IT,Software Engineer,1,Pune,15,27455,No,1,4,3,1,1,0,Yes
2166,29,Male,Married,Bachelor,IT,Software Engineer,1,Bengaluru,5,26196,No,4,3,3,1,1,1,Yes
2167,21,Female,Married,Master,Sales,Sales Executive,1,Hyderabad,11,30065,Yes,2,2,3,0,0,5,No
2168,38,Male,Married,Bachelor,Sales,Sales Manager,3,Hyderabad,10,117013,No,1,3,3,10,1,3,No
2169,38,Female,Single,Diploma,Finance,Finance Manager,3,Pune,7,100082,No,4,3,3,3,3,3,No
2170,21,Male,Married,Diploma,IT,Software Engineer,1,Pune,24,37134,No,3,3,3,0,0,4,No
2171,21,Female,Single,Master,Research & Development,Research Scientist,1,Nagpur,1,37814,No,3,2,3,0,0,1,No
2172,37,Female,Single,Master,Research & Development,Lab Technician,2,Mumbai,15,57580,No,4,2,3,5,1,4,No
2173,24,Female,Married,Bachelor,Human Resources,HR Executive,1,Bengaluru,2,26849,No,3,2,4,3,2,3,Yes
2174,23,Male,Single,Bachelor,IT,Software Engineer,1,Bengaluru,6,31806,No,4,3,3,2,2,3,No
2175,28,Male,Single,Bachelor,Sales,Sales Representative,2,Nagpur,7,71565,No,4,4,3,0,0,2,No
2176,22,Male,Divorced,Bachelor,Research & Development,Research Scientist,1,Pune,6,28354,No,1,3,3,0,0,5,No
2177,37,Male,Divorced,Bachelor,Sales,Sales Representative,2,Bengaluru,11,66453,No,4,1,3,9,1,4,No
2178,31,Female,Married,Bachelor,Research & Development,Research Scientist,1,Bengaluru,11,36660,No,3,2,3,3,3,3,No
2179,41,Female,Married,Bachelor,Human Resources,HR Manager,3,Hyderabad,5,132165,No,4,3,4,1,1,3,No
2180,27,Male,Married,Bachelor,Research & Development,Research Scientist,1,Hyderabad,7,38661,No,4,3,2,3,2,6,No
2181,31,Male,Married,PhD,Sales,Sales Representative,2,Mumbai,6,59564,Yes,4,2,2,2,2,1,No
2182,27,Male,Divorced,Master,Sales,Sales Executive,1,Mumbai,14,36218,Yes,3,2,4,3,2,3,Yes
2183,42,Female,Single,Master,Research & Development,Lab Technician,2,Pune,3,81284,Yes,3,4,3,4,2,0,No
2184,33,Male,Divorced,Bachelor,Sales,Sales Representative,2,Pune,12,65828,No,2,3,3,3,2,4,No
2185,40,Female,Married,Bachelor,Sales,Sales Executive,1,Mumbai,28,31302,Yes,1,2,2,10,2,0,Yes
2186,32,Male,Single,Bachelor,Research & Development,Lab Technician,2,Pune,10,80082,No,3,4,3,3,3,3,No
2187,30,Female,Married,Diploma,Finance,Accountant,1,Mumbai,8,38875,No,4,3,2,4,4,2,No
2188,30,Male,Single,Bachelor,Research & Development,Research Scientist,1,Pune,24,30355,No,1,3,4,0,0,4,No
2189,30,Female,Married,Bachelor,IT,Data Analyst,2,Hyderabad,17,57465,No,2,3,3,0,0,0,No
2190,47,Female,Married,Master,Human Resources,HR Manager,3,Nagpur,12,125332,No,1,3,4,5,1,3,No
2191,24,Male,Married,PhD,Sales,Sales Representative,2,Hyderabad,10,52542,Yes,3,3,4,3,3,4,No
2192,32,Male,Single,Bachelor,Sales,Sales Representative,2,Pune,9,74836,No,4,3,3,8,4,2,No
2193,28,Male,Single,Master,Research & Development,Research Scientist,1,Nagpur,12,26811,Yes,4,1,3,0,0,4,Yes
2194,28,Male,Single,Diploma,Human Resources,HR Executive,1,Mumbai,4,30036,Yes,3,3,4,0,0,6,No
2195,24,Female,Married,Master,Operations,Operations Associate,1,Bengaluru,9,33889,No,3,2,3,3,3,6,No
2196,30,Female,Single,Bachelor,Sales,Sales Executive,1,Mumbai,13,30994,Yes,3,2,4,6,5,6,No
2197,21,Male,Married,Bachelor,Research & Development,Research Scientist,1,Hyderabad,18,29063,No,4,4,2,0,0,0,No
2198,38,Female,Married,Bachelor,IT,Data Analyst,2,Pune,2,89437,No,3,4,3,5,1,5,No
2199,25,Male,Single,Bachelor,Sales,Sales Executive,1,Bengaluru,21,30384,Yes,1,3,3,2,1,4,No
2200,40,Male,Married,Bachelor,Research & Development,Lab Technician,2,Pune,12,88864,Yes,4,2,2,9,2,2,No
2201,37,Female,Married,Bachelor,Human Resources,HR Executive,1,Bengaluru,7,32897,No,2,3,2,1,1,0,Yes
2202,25,Male,Married,Bachelor,Sales,Sales Executive,1,Bengaluru,2,39624,No,4,3,3,3,2,4,No
2203,30,Male,Married,Bachelor,Research & Development,Research Scientist,1,Pune,11,24434,No,3,2,4,0,0,3,Yes
2204,41,Female,Divorced,Master,Sales,Sales Manager,3,Nagpur,17,141990,No,2,3,2,11,2,0,No
2205,33,Male,Single,Diploma,Research & Development,Lab Technician,2,Nagpur,19,68618,No,2,1,4,0,0,6,No
2206,31,Female,Married,Master,Sales,Sales Representative,2,Hyderabad,1,57376,No,3,2,4,2,1,4,No
2207,34,Male,Married,Bachelor,Research & Development,Research Scientist,1,Mumbai,45,36905,No,2,3,4,2,2,3,No
2208,30,Male,Married,Bachelor,Research & Development,Lab Technician,2,Nagpur,21,68512,No,3,2,2,9,4,4,No
2209,36,Male,Married,Bachelor,Operations,Supervisor,2,Bengaluru,16,61144,No,4,3,3,1,1,2,No
2210,40,Female,Single,Bachelor,Sales,Sales Representative,2,Pune,9,57199,No,1,2,2,3,0,4,Yes
2211,29,Female,Married,Diploma,Research & Development,Lab Technician,2,Nagpur,13,62200,Yes,4,3,3,2,1,2,No
2212,33,Female,Married,Bachelor,Research & Development,Lab Technician,2,Nagpur,42,62663,No,3,3,3,7,1,5,No
2213,29,Female,Married,Master,IT,Data Analyst,2,Mumbai,25,62321,Yes,2,2,3,0,0,5,Yes
2214,34,Male,Married,Master,Research & Development,Lab Technician,2,Bengaluru,8,67965,No,4,4,3,13,1,3,No
2215,28,Male,Divorced,Bachelor,IT,Software Engineer,1,Bengaluru,5,34897,Yes,2,2,4,7,1,2,No
2216,33,Male,Married,Master,Sales,Sales Executive,1,Hyderabad,6,34770,No,3,4,3,3,3,5,No
2217,35,Male,Single,Master,Sales,Sales Representative,2,Bengaluru,19,83460,No,4,1,4,3,3,1,No
2218,37,Male,Married,Bachelor,Sales,Sales Manager,3,Hyderabad,12,111124,No,2,4,4,6,3,6,No
2219,26,Male,Divorced,Diploma,Sales,Sales Executive,1,Bengaluru,23,36654,Yes,4,3,4,5,1,5,No
2220,32,Male,Single,Bachelor,Human Resources,HR Manager,2,Mumbai,2,73945,No,1,3,3,1,1,0,No
2221,39,Male,Married,Bachelor,Research & Development,Research Director,3,Pune,5,100102,No,2,3,4,2,2,4,No
2222,28,Male,Married,Bachelor,Research & Development,Research Scientist,1,Bengaluru,2,37143,Yes,4,3,3,0,0,6,No
2223,36,Male,Married,Master,Sales,Sales Representative,2,Pune,8,88346,Yes,2,3,3,5,1,0,No
2224,29,Male,Single,PhD,Sales,Sales Representative,2,Mumbai,14,79428,No,3,4,2,3,0,5,No
2225,29,Female,Single,Bachelor,Research & Development,Research Scientist,1,Hyderabad,7,35512,Yes,4,1,3,8,2,4,No
2226,33,Male,Married,Bachelor,Sales,Sales Representative,2,Bengaluru,8,85810,Yes,4,3,3,5,4,2,No
2227,27,Male,Married,Bachelor,IT,Software Engineer,1,Pune,3,35159,No,4,2,3,1,0,5,No
2228,29,Male,Married,Diploma,Sales,Sales Representative,2,Nagpur,4,80928,No,2,4,3,8,1,0,No
2229,39,Male,Single,Master,Research & Development,Lab Technician,2,Pune,6,107013,Yes,4,3,4,18,2,1,No
2230,39,Male,Single,PhD,Research & Development,Research Director,3,Nagpur,9,113588,Yes,2,4,2,7,3,6,No
2231,40,Female,Single,Bachelor,Sales,Sales Representative,2,Mumbai,3,55126,No,3,3,3,0,0,6,No
2232,31,Male,Married,Master,Operations,Supervisor,2,Pune,5,51580,Yes,2,1,3,0,0,4,Yes
2233,21,Male,Married,Master,Operations,Operations Associate,1,Bengaluru,9,35843,Yes,1,4,3,0,0,3,Yes
2234,41,Female,Single,Bachelor,IT,Data Analyst,2,Nagpur,29,64003,Yes,2,2,4,4,1,4,No
2235,39,Male,Divorced,Master,Sales,Sales Executive,1,Nagpur,5,36538,No,1,2,3,0,0,5,Yes
2236,27,Male,Married,Bachelor,Research & Development,Research Scientist,1,Nagpur,22,25926,No,4,2,3,2,2,2,No
2237,33,Male,Married,Master,Research & Development,Lab Technician,2,Mumbai,28,79982,No,4,2,4,3,2,6,No
2238,31,Male,Single,Bachelor,Sales,Sales Executive,1,Hyderabad,10,45903,Yes,2,3,3,6,3,1,No
2239,21,Female,Single,Bachelor,Operations,Operations Associate,1,Bengaluru,19,33328,No,1,3,3,0,0,0,Yes
2240,31,Male,Single,Diploma,Research & Development,Lab Technician,2,Nagpur,15,88654,No,1,2,3,10,1,4,No
2241,32,Male,Divorced,Bachelor,Research & Development,Lab Technician,2,Mumbai,30,67804,No,3,3,3,10,2,2,No
2242,36,Male,Single,Master,Research & Development,Research Scientist,1,Hyderabad,12,38250,No,2,1,3,5,2,4,No
2243,25,Male,Married,Diploma,Operations,Operations Associate,1,Hyderabad,5,30348,No,3,3,3,4,2,1,No
2244,24,Male,Married,Bachelor,Finance,Financial Analyst,2,Nagpur,13,79671,Yes,4,3,3,1,1,0,Yes
2245,37,Male,Single,Master,Finance,Financial Analyst,2,Nagpur,8,75618,Yes,2,3,2,0,0,2,Yes
2246,28,Female,Single,Bachelor,Sales,Sales Representative,2,Mumbai,16,67290,No,1,1,4,2,0,6,No
2247,26,Male,Single,Bachelor,Sales,Sales Executive,1,Pune,12,36519,No,2,3,3,5,0,4,No
2248,35,Male,Single,Master,Sales,Sales Representative,2,Bengaluru,14,77565,No,2,1,4,6,3,1,Yes
2249,37,Male,Married,Bachelor,Sales,Sales Executive,1,Pune,5,35428,No,3,4,3,0,0,5,No
2250,21,Male,Single,Bachelor,Research & Development,Research Scientist,1,Bengaluru,32,38869,Yes,2,4,3,0,0,3,Yes
2251,28,Male,Married,Master,Human Resources,HR Executive,1,Bengaluru,1,31445,No,4,3,3,7,2,5,No
2252,30,Male,Divorced,Master,Sales,Sales Executive,1,Bengaluru,4,26969,Yes,4,4,3,0,0,2,Yes
2253,22,Male,Single,Master,Operations,Operations Associate,1,Pune,14,33677,No,4,4,3,1,1,3,No
2254,23,Male,Married,Diploma,IT,Software Engineer,1,Hyderabad,5,27084,No,1,3,2,0,0,1,Yes
2255,30,Male,Married,Bachelor,Operations,Operations Associate,1,Bengaluru,1,39511,No,3,3,3,3,3,1,No
2256,39,Male,Married,Bachelor,Research & Development,Lab Technician,2,Pune,24,73606,No,4,2,3,1,1,4,No
2257,23,Male,Single,Bachelor,IT,Software Engineer,1,Mumbai,14,38711,Yes,4,4,3,2,2,2,No
2258,28,Female,Single,Bachelor,Finance,Accountant,1,Mumbai,43,30926,No,3,3,3,2,2,2,No
2259,30,Male,Single,Bachelor,Sales,Sales Executive,1,Pune,13,24927,No,1,2,3,0,0,4,Yes
2260,36,Male,Divorced,Diploma,Operations,Operations Associate,1,Nagpur,8,34556,No,3,2,2,0,0,5,No
2261,29,Male,Married,Bachelor,Sales,Sales Representative,2,Hyderabad,16,63600,No,2,3,3,3,1,6,No
2262,30,Female,Married,Master,IT,Software Engineer,1,Nagpur,6,37980,No,4,3,3,6,2,6,No
2263,42,Female,Single,Master,Sales,Sales Representative,2,Hyderabad,4,50532,Yes,4,4,3,0,0,2,Yes
2264,39,Male,Married,Bachelor,Sales,Sales Manager,3,Nagpur,6,209888,No,4,4,3,18,2,0,No
2265,22,Female,Married,Bachelor,Sales,Sales Representative,2,Mumbai,1,68148,No,2,2,2,1,1,0,No
2266,29,Male,Married,Diploma,IT,Software Engineer,1,Mumbai,7,33828,No,3,4,3,0,0,1,Yes
2267,29,Female,Single,Bachelor,Operations,Supervisor,2,Nagpur,11,74618,No,1,2,4,0,0,6,Yes
2268,29,Male,Married,Master,Operations,Operations Associate,1,Bengaluru,1,26814,No,3,1,3,3,0,2,No
2269,31,Male,Married,Diploma,Finance,Financial Analyst,2,Hyderabad,11,66977,No,2,3,3,2,2,4,Yes
2270,22,Male,Married,Bachelor,Sales,Sales Executive,1,Nagpur,15,32490,No,3,3,3,1,1,1,No
2271,32,Male,Married,Bachelor,Finance,Financial Analyst,2,Mumbai,2,73316,Yes,3,3,3,11,4,3,No
2272,32,Male,Married,Master,IT,Software Engineer,1,Pune,4,28961,No,3,3,3,2,2,0,No
2273,30,Male,Single,Master,Sales,Sales Executive,1,Nagpur,4,38994,No,3,3,4,0,0,6,No
2274,25,Male,Single,Master,Sales,Sales Executive,1,Bengaluru,39,36724,Yes,4,4,3,4,2,1,No
2275,32,Female,Divorced,Bachelor,Finance,Accountant,1,Bengaluru,5,35968,No,3,3,4,0,0,3,No
2276,29,Female,Single,Bachelor,Operations,Operations Associate,1,Hyderabad,7,47552,No,1,2,3,8,0,0,No
2277,32,Male,Married,Diploma,Sales,Sales Executive,1,Hyderabad,3,27287,No,3,1,3,0,0,3,Yes
2278,30,Male,Married,Master,Operations,Operations Associate,1,Bengaluru,8,35722,No,1,2,2,1,1,6,No
2279,37,Female,Divorced,Master,Research & Development,Research Director,3,Nagpur,24,183099,Yes,3,4,4,16,1,2,No
2280,29,Male,Married,Diploma,Sales,Sales Executive,1,Mumbai,24,32963,No,3,4,4,1,1,2,No
2281,35,Female,Married,Diploma,Finance,Financial Analyst,2,Nagpur,5,89279,Yes,4,3,3,13,1,3,No
2282,31,Female,Married,Bachelor,Research & Development,Lab Technician,2,Mumbai,28,74545,No,2,4,3,10,1,6,No
2283,28,Female,Single,Bachelor,Sales,Sales Executive,1,Nagpur,50,34624,No,4,3,4,3,1,2,No
2284,29,Female,Married,Bachelor,Research & Development,Lab Technician,2,Mumbai,6,91470,Yes,2,4,4,8,2,6,No
2285,44,Male,Divorced,Bachelor,Research & Development,Research Director,3,Hyderabad,9,158659,No,2,3,3,17,3,1,No
2286,41,Female,Single,PhD,IT,IT Manager,3,Hyderabad,15,146003,Yes,3,2,3,1,1,5,No
2287,27,Male,Divorced,Bachelor,IT,Software Engineer,1,Hyderabad,28,31192,Yes,4,3,3,3,3,1,Yes
2288,31,Male,Divorced,Master,Sales,Sales Executive,1,Bengaluru,12,31413,No,2,2,3,0,0,4,Yes
2289,30,Male,Married,Diploma,IT,Software Engineer,1,Bengaluru,51,33093,No,2,3,3,0,0,1,No
2290,23,Female,Single,Master,Sales,Sales Executive,1,Hyderabad,7,31794,Yes,2,3,4,2,1,5,No
2291,40,Male,Married,Bachelor,Sales,Sales Representative,2,Nagpur,17,69501,No,4,3,4,12,2,6,No
2292,25,Male,Married,Bachelor,IT,Software Engineer,1,Pune,8,41149,No,4,2,3,4,0,3,No
2293,49,Male,Married,Bachelor,Sales,Sales Manager,3,Hyderabad,11,247332,No,4,2,2,27,0,3,No
2294,41,Female,Single,Bachelor,Sales,Sales Manager,3,Hyderabad,20,90222,Yes,3,3,2,0,0,1,No
2295,25,Male,Single,Bachelor,Research & Development,Research Scientist,1,Mumbai,26,41343,No,2,4,4,4,0,2,No
2296,21,Male,Single,Bachelor,Research & Development,Research Scientist,1,Mumbai,5,27165,No,1,3,3,0,0,0,Yes
2297,26,Male,Divorced,Bachelor,Sales,Sales Representative,2,Hyderabad,6,78722,Yes,4,3,3,1,1,2,No
2298,25,Male,Single,Master,Sales,Sales Executive,1,Pune,8,30134,No,2,3,3,3,1,4,No
2299,37,Female,Divorced,Bachelor,IT,Data Analyst,2,Pune,55,58143,No,2,3,3,5,0,1,No
2300,27,Female,Single,Master,Human Resources,HR Executive,1,Bengaluru,13,32186,No,2,4,3,1,1,1,No
2301,30,Female,Single,Diploma,Research & Development,Research Scientist,1,Hyderabad,4,34025,Yes,4,3,3,0,0,5,No
2302,42,Male,Divorced,Bachelor,Research & Development,Lab Technician,2,Nagpur,1,81723,No,4,3,3,13,2,5,No
2303,33,Male,Single,Bachelor,Finance,Financial Analyst,2,Hyderabad,31,95458,No,4,4,2,12,2,1,No
2304,29,Male,Married,Master,Operations,Supervisor,2,Bengaluru,12,74456,No,4,2,3,2,0,1,No
2305,34,Male,Married,Bachelor,Research & Development,Lab Technician,2,Bengaluru,7,55857,Yes,3,3,3,0,0,5,No
2306,32,Male,Married,Diploma,Sales,Sales Executive,1,Nagpur,8,32598,Yes,1,4,3,0,0,6,No
2307,33,Female,Married,Master,Operations,Operations Associate,1,Nagpur,11,30260,Yes,1,3,4,1,0,3,Yes
2308,28,Female,Single,Bachelor,Finance,Accountant,1,Hyderabad,11,29797,No,3,3,3,0,0,4,No
2309,21,Female,Married,Bachelor,Finance,Accountant,1,Hyderabad,35,33390,No,2,3,3,0,0,6,Yes
2310,33,Male,Single,Diploma,Sales,Sales Manager,3,Hyderabad,5,141670,No,4,4,3,5,2,2,No
2311,44,Female,Single,Diploma,IT,Data Analyst,2,Nagpur,6,59084,No,4,3,3,3,2,4,No
2312,29,Male,Married,Bachelor,IT,Software Engineer,1,Nagpur,4,45757,Yes,1,2,3,8,2,0,No
2313,27,Male,Divorced,Bachelor,Sales,Sales Executive,1,Mumbai,10,29064,No,1,2,4,1,1,0,Yes
2314,31,Female,Single,Bachelor,IT,Software Engineer,1,Bengaluru,11,29993,No,2,2,4,1,1,2,No
2315,35,Female,Single,Bachelor,IT,Data Analyst,2,Bengaluru,10,53871,No,4,3,3,0,0,3,No
2316,29,Female,Divorced,Bachelor,Sales,Sales Executive,1,Bengaluru,12,39813,No,2,2,3,8,2,3,No
2317,43,Male,Single,Bachelor,Finance,Finance Manager,3,Bengaluru,25,172610,No,3,4,3,8,5,3,No
2318,33,Male,Divorced,Bachelor,Research & Development,Lab Technician,2,Hyderabad,11,58355,No,1,2,2,1,0,1,No
2319,29,Female,Married,Master,Operations,Supervisor,2,Nagpur,5,51543,No,3,4,2,0,0,4,No
2320,21,Male,Married,Master,Research & Development,Research Scientist,1,Pune,7,26581,Yes,1,2,4,0,0,1,Yes
2321,21,Female,Married,Diploma,Sales,Sales Executive,1,Bengaluru,6,31696,Yes,4,3,3,0,0,2,Yes
2322,29,Male,Married,Bachelor,Human Resources,HR Manager,2,Nagpur,27,78404,Yes,4,3,3,2,1,1,No
2323,24,Female,Married,Bachelor,IT,Software Engineer,1,Hyderabad,8,38891,No,1,4,4,3,3,2,No
2324,24,Male,Single,Master,Sales,Sales Executive,1,Nagpur,15,38603,No,4,3,4,0,0,6,Yes
2325,29,Female,Married,Master,IT,Data Analyst,2,Mumbai,17,81178,No,4,1,4,8,3,1,No
2326,31,Male,Married,Bachelor,Research & Development,Research Scientist,1,Nagpur,12,35417,No,3,3,4,0,0,4,No
2327,29,Male,Married,Master,Research & Development,Research Scientist,1,Bengaluru,23,37855,Yes,3,2,3,4,4,4,Yes
2328,49,Male,Single,Bachelor,Operations,Operations Manager,3,Bengaluru,15,157106,No,4,2,2,4,2,3,No
2329,28,Female,Married,Bachelor,Research & Development,Research Scientist,1,Hyderabad,17,38057,No,2,4,3,0,0,3,Yes
2330,34,Female,Married,Bachelor,Sales,Sales Executive,1,Pune,10,25969,No,3,3,4,1,1,6,No
2331,26,Male,Married,Bachelor,Research & Development,Research Scientist,1,Nagpur,19,34202,No,4,4,3,1,1,6,No
2332,37,Male,Single,Diploma,Research & Development,Lab Technician,2,Mumbai,11,50464,No,2,2,3,1,1,1,Yes
2333,32,Male,Single,Bachelor,Sales,Sales Representative,2,Mumbai,25,56366,No,1,1,3,0,0,4,Yes
2334,22,Female,Single,Master,Finance,Accountant,1,Nagpur,12,35082,Yes,4,4,3,1,1,0,No
2335,26,Male,Married,Diploma,Sales,Sales Executive,1,Nagpur,6,27477,No,1,2,3,1,1,1,Yes
2336,34,Female,Married,Bachelor,Sales,Sales Manager,3,Bengaluru,6,164224,No,4,3,4,13,2,6,No
2337,45,Male,Single,Master,Research & Development,Research Director,3,Mumbai,5,98005,No,3,2,3,2,1,3,Yes
2338,27,Male,Married,Master,IT,Software Engineer,1,Hyderabad,14,30020,Yes,3,3,3,4,0,1,No
2339,36,Male,Married,Master,Sales,Sales Executive,1,Pune,12,29645,Yes,2,3,3,0,0,4,Yes
2340,25,Male,Married,Bachelor,Sales,Sales Executive,1,Nagpur,10,40470,No,3,2,3,2,0,1,No
2341,27,Male,Married,Bachelor,Operations,Operations Associate,1,Bengaluru,4,33923,No,3,4,4,0,0,3,No
2342,30,Female,Divorced,Bachelor,IT,Software Engineer,1,Bengaluru,12,40832,No,4,3,4,7,2,5,No
2343,23,Male,Married,Diploma,Sales,Sales Executive,1,Bengaluru,7,29860,No,4,4,3,0,0,4,No
2344,33,Male,Married,Master,Research & Development,Lab Technician,2,Hyderabad,10,90125,No,2,2,3,9,1,2,No
2345,35,Female,Married,PhD,Research & Development,Lab Technician,2,Pune,3,93138,No,1,4,2,9,2,3,No
2346,29,Male,Married,Bachelor,IT,Data Analyst,2,Pune,8,84469,No,4,3,3,5,2,1,No
2347,34,Female,Single,Master,Operations,Supervisor,2,Pune,9,51766,Yes,2,4,4,2,0,1,No
2348,27,Male,Single,Master,IT,Data Analyst,2,Mumbai,19,73425,No,1,2,3,3,3,1,Yes
2349,37,Female,Single,Diploma,Sales,Sales Manager,3,Bengaluru,7,146220,No,2,3,2,3,2,0,No
2350,33,Female,Married,Diploma,Finance,Accountant,1,Hyderabad,9,27381,No,2,4,3,0,0,2,Yes
2351,31,Female,Divorced,Master,Research & Development,Lab Technician,2,Mumbai,14,72119,No,4,1,3,1,1,0,No
2352,44,Female,Married,Master,IT,Software Engineer,1,Bengaluru,11,38149,No,3,1,2,7,3,3,No
2353,24,Male,Married,Master,IT,Software Engineer,1,Pune,11,36986,No,3,4,3,2,1,1,No
2354,24,Male,Married,Master,IT,Software Engineer,1,Pune,26,29397,No,4,4,4,1,0,5,No
2355,34,Male,Single,Bachelor,IT,Data Analyst,2,Pune,8,66641,No,2,4,3,0,0,4,No
2356,25,Female,Married,Master,Operations,Operations Associate,1,Bengaluru,7,40365,Yes,2,3,3,4,4,3,No
2357,32,Male,Single,Master,Research & Development,Research Director,3,Mumbai,2,112582,Yes,2,4,3,6,3,3,Yes
2358,32,Male,Married,PhD,Research & Development,Research Scientist,1,Nagpur,14,32162,Yes,3,2,3,8,3,2,No
2359,43,Female,Single,Diploma,IT,Data Analyst,2,Pune,11,76901,Yes,2,3,4,6,2,4,No
2360,30,Male,Married,Master,IT,Data Analyst,2,Mumbai,3,76598,No,2,4,3,1,1,1,No
2361,28,Female,Divorced,Master,Sales,Sales Representative,2,Mumbai,10,55842,No,3,4,3,1,1,4,No
2362,25,Male,Single,Bachelor,Research & Development,Research Scientist,1,Bengaluru,4,33561,Yes,4,2,3,0,0,6,No
2363,35,Female,Single,Diploma,Research & Development,Research Scientist,1,Nagpur,5,31805,Yes,2,1,3,0,0,3,Yes
2364,32,Female,Single,Bachelor,Sales,Sales Executive,1,Pune,14,33063,Yes,4,3,3,1,1,5,No
2365,26,Male,Divorced,Bachelor,Sales,Sales Executive,1,Bengaluru,2,33430,No,2,3,4,5,3,3,Yes
2366,29,Male,Married,Diploma,Research & Development,Lab Technician,2,Pune,12,60408,No,2,2,3,3,2,1,No
2367,28,Female,Single,Bachelor,Finance,Accountant,1,Bengaluru,8,34386,No,2,4,3,7,1,0,No
2368,37,Male,Single,Master,Sales,Sales Representative,2,Mumbai,4,96891,No,4,3,3,10,1,1,No
2369,32,Male,Single,Bachelor,Sales,Sales Executive,1,Bengaluru,15,32441,Yes,1,3,2,7,1,1,Yes
2370,34,Male,Married,Bachelor,IT,IT Manager,3,Mumbai,10,95311,Yes,2,3,3,2,2,3,No
2371,38,Female,Married,Bachelor,Operations,Supervisor,2,Hyderabad,9,70991,Yes,2,2,3,1,0,4,Yes
2372,28,Male,Married,Bachelor,Operations,Operations Associate,1,Hyderabad,8,34234,No,2,3,3,3,2,6,No
2373,29,Female,Married,Bachelor,Research & Development,Lab Technician,2,Bengaluru,16,80335,No,3,1,3,2,1,1,No
2374,30,Male,Single,Bachelor,Operations,Operations Associate,1,Pune,8,31691,No,2,3,3,5,4,6,No
2375,28,Male,Single,Bachelor,Research & Development,Research Scientist,1,Nagpur,4,24233,No,3,3,3,0,0,5,No
2376,26,Male,Married,Bachelor,Finance,Accountant,1,Mumbai,2,34534,No,4,2,4,1,0,6,No
2377,26,Male,Married,Bachelor,IT,Software Engineer,1,Bengaluru,12,29569,No,3,4,3,2,1,2,No
2378,34,Male,Married,Master,Sales,Sales Executive,1,Mumbai,7,27758,No,1,3,3,3,2,2,Yes
2379,30,Female,Married,Diploma,Operations,Operations Associate,1,Hyderabad,3,38529,No,3,4,4,0,0,3,No
2380,36,Female,Divorced,Bachelor,Finance,Finance Manager,3,Bengaluru,3,107571,No,1,4,3,5,2,1,No
2381,23,Male,Married,Bachelor,Finance,Accountant,1,Hyderabad,1,28042,No,1,3,4,2,2,3,No
2382,48,Male,Divorced,Bachelor,IT,IT Manager,3,Bengaluru,23,115567,No,4,4,4,0,0,6,No
2383,33,Male,Married,Master,Research & Development,Lab Technician,2,Hyderabad,31,87185,No,2,4,4,9,3,3,No
2384,21,Male,Married,Bachelor,Sales,Sales Executive,1,Mumbai,16,32246,No,4,3,4,0,0,4,No
2385,34,Female,Single,Bachelor,Operations,Operations Associate,1,Pune,7,41408,No,3,4,3,11,0,1,No
2386,31,Female,Married,Bachelor,Sales,Sales Representative,2,Hyderabad,4,73644,No,3,1,3,0,0,1,No
2387,24,Female,Married,Master,Sales,Sales Executive,1,Hyderabad,3,40451,Yes,2,1,3,3,2,6,Yes
2388,29,Female,Married,PhD,Research & Development,Research Scientist,1,Bengaluru,16,40247,No,1,3,4,8,4,5,No
2389,27,Female,Single,PhD,Research & Development,Research Scientist,1,Mumbai,3,37723,No,1,2,3,2,2,3,No
2390,21,Female,Married,Bachelor,Research & Development,Research Scientist,1,Mumbai,6,31523,Yes,2,3,3,0,0,1,No
2391,32,Male,Married,Master,Operations,Operations Associate,1,Pune,20,30070,Yes,3,2,2,3,2,4,No
2392,32,Female,Married,Master,Sales,Sales Executive,1,Mumbai,6,36201,Yes,1,2,4,5,1,5,Yes
2393,26,Female,Married,Bachelor,Operations,Operations Associate,1,Nagpur,7,36370,No,1,1,3,2,2,4,Yes
2394,35,Male,Single,Bachelor,Sales,Sales Representative,2,Hyderabad,22,61634,No,4,4,3,1,0,6,Yes
2395,28,Male,Divorced,PhD,Sales,Sales Executive,1,Bengaluru,11,38553,No,3,3,3,0,0,1,No
2396,32,Female,Single,Bachelor,Finance,Financial Analyst,2,Pune,21,96933,No,4,4,4,11,2,2,No
2397,24,Female,Single,Bachelor,IT,Software Engineer,1,Nagpur,8,33880,No,2,2,3,0,0,4,No
2398,30,Male,Married,PhD,Research & Development,Lab Technician,2,Mumbai,17,58874,No,4,3,4,2,0,2,No
2399,27,Female,Single,Master,Research & Development,Lab Technician,2,Bengaluru,12,77259,No,2,3,3,0,0,6,No
2400,41,Male,Married,Bachelor,Sales,Sales Manager,3,Pune,12,187671,Yes,3,3,3,11,6,2,No
2401,30,Male,Married,Master,Finance,Accountant,1,Nagpur,10,44811,No,3,2,4,8,3,0,No
2402,24,Female,Married,Bachelor,Operations,Operations Manager,3,Pune,13,113732,Yes,2,3,3,3,1,1,Yes
2403,28,Female,Married,Master,Sales,Sales Executive,1,Bengaluru,3,36499,No,4,3,3,6,2,0,Yes
2404,37,Male,Married,Bachelor,Sales,Sales Manager,3,Nagpur,15,114370,No,4,3,2,2,0,0,No
2405,41,Male,Single,Master,Sales,Sales Executive,1,Bengaluru,12,29478,No,4,2,3,2,2,2,Yes
2406,33,Male,Married,Bachelor,Research & Development,Research Scientist,1,Nagpur,6,31225,No,2,4,3,1,1,2,No
2407,22,Male,Divorced,Master,Operations,Operations Associate,1,Bengaluru,24,32397,No,3,3,3,0,0,6,No
2408,28,Female,Single,Bachelor,Research & Development,Research Scientist,1,Mumbai,3,35485,No,2,4,3,0,0,0,Yes
2409,36,Female,Single,Master,Sales,Sales Representative,2,Pune,11,64442,Yes,1,3,3,10,0,5,No
2410,28,Male,Divorced,Bachelor,Finance,Financial Analyst,2,Nagpur,15,89270,No,3,2,4,5,0,1,No
2411,29,Male,Married,Master,Human Resources,HR Executive,1,Nagpur,19,36279,No,3,3,3,4,1,0,No
2412,34,Male,Married,Master,IT,Data Analyst,2,Hyderabad,8,63609,No,4,3,4,3,3,1,No
2413,30,Male,Married,Master,IT,Software Engineer,1,Bengaluru,2,27508,No,4,3,3,0,0,5,No
2414,27,Male,Married,Master,Sales,Sales Executive,1,Nagpur,10,33884,No,2,4,3,0,0,3,No
2415,29,Male,Single,Bachelor,Research & Development,Research Scientist,1,Bengaluru,17,32934,Yes,3,3,3,0,0,3,No
2416,35,Female,Single,Bachelor,Operations,Supervisor,2,Mumbai,12,90008,No,3,2,3,14,1,4,No
2417,24,Male,Married,Master,Operations,Operations Associate,1,Nagpur,3,39148,Yes,4,3,3,3,0,6,Yes
2418,31,Male,Divorced,Master,IT,Data Analyst,2,Pune,6,68292,Yes,2,4,3,3,3,2,No
2419,32,Male,Single,Bachelor,Research & Development,Research Scientist,1,Bengaluru,10,33872,No,3,4,3,1,1,6,Yes
2420,23,Male,Married,Diploma,Sales,Sales Representative,2,Mumbai,9,75050,Yes,3,3,3,2,2,5,No
2421,30,Male,Married,Bachelor,IT,Data Analyst,2,Nagpur,10,54254,No,3,3,4,1,0,6,No
2422,26,Female,Married,Master,Sales,Sales Executive,1,Pune,38,38849,No,2,3,3,0,0,2,No
2423,30,Male,Single,Master,Sales,Sales Representative,2,Bengaluru,21,76229,No,3,3,2,1,1,1,Yes
2424,31,Male,Married,Master,Sales,Sales Executive,1,Mumbai,6,35669,No,2,3,3,1,1,6,Yes
2425,31,Male,Married,Master,Operations,Operations Associate,1,Nagpur,2,33138,Yes,3,3,3,10,1,2,No
2426,29,Female,Married,Bachelor,IT,Data Analyst,2,Mumbai,6,74307,Yes,1,2,3,4,1,0,Yes
2427,40,Female,Married,Diploma,Sales,Sales Manager,3,Mumbai,18,147265,No,2,2,3,17,1,3,Yes
2428,23,Female,Single,Master,IT,Software Engineer,1,Mumbai,9,40633,No,2,3,3,2,2,3,Yes
2429,32,Male,Single,Master,Operations,Operations Associate,1,Bengaluru,5,29317,No,2,3,3,1,1,1,No
2430,23,Male,Married,Bachelor,Research & Development,Research Scientist,1,Nagpur,7,34047,Yes,3,3,3,0,0,3,No
2431,32,Male,Single,Master,Research & Development,Research Scientist,1,Nagpur,27,31427,No,3,2,4,0,0,6,No
2432,30,Male,Divorced,Master,Human Resources,HR Manager,2,Pune,13,78518,Yes,3,3,3,8,8,2,Yes
2433,34,Female,Single,Diploma,Research & Development,Lab Technician,2,Hyderabad,4,87385,No,3,4,4,6,3,4,No
2434,35,Male,Divorced,Master,IT,IT Manager,3,Bengaluru,13,182520,No,1,4,3,11,3,1,Yes
2435,26,Male,Married,PhD,Operations,Operations Associate,1,Mumbai,5,39857,Yes,3,3,2,5,2,3,No
2436,26,Male,Married,Diploma,Operations,Operations Associate,1,Hyderabad,1,34018,No,2,3,3,5,3,1,No
2437,41,Male,Married,Bachelor,Research & Development,Research Director,3,Hyderabad,20,134456,No,1,4,3,13,1,0,No
2438,36,Female,Married,Bachelor,IT,Data Analyst,2,Pune,12,74276,Yes,1,3,4,4,1,5,Yes
2439,32,Female,Single,Bachelor,Research & Development,Lab Technician,2,Pune,10,51343,No,4,3,2,0,0,5,No
2440,45,Female,Married,Bachelor,Operations,Supervisor,2,Mumbai,21,64576,Yes,3,3,3,3,1,2,No
2441,35,Female,Married,Bachelor,Finance,Financial Analyst,2,Hyderabad,12,92470,No,1,3,3,13,4,6,No
2442,32,Male,Divorced,Master,Operations,Supervisor,2,Nagpur,3,71219,No,2,3,3,2,0,0,No
2443,43,Female,Married,Bachelor,Sales,Sales Representative,2,Pune,4,57004,No,3,2,3,0,0,3,No
2444,31,Male,Married,Bachelor,Research & Development,Research Scientist,1,Hyderabad,9,29324,No,2,2,3,2,2,4,No
2445,49,Male,Divorced,Master,IT,IT Manager,3,Bengaluru,17,99928,No,3,2,4,0,0,1,No
2446,37,Male,Single,Master,Research & Development,Research Director,3,Mumbai,2,134134,Yes,2,2,3,14,1,0,Yes
2447,30,Male,Married,Master,IT,Software Engineer,1,Bengaluru,4,28068,No,3,2,3,2,2,2,No
2448,27,Male,Married,Master,Sales,Sales Executive,1,Mumbai,11,34287,No,3,3,3,6,2,4,No
2449,30,Male,Divorced,Master,IT,Data Analyst,2,Nagpur,29,75847,No,3,3,3,9,3,6,No
2450,22,Male,Married,Master,Sales,Sales Executive,1,Mumbai,6,28756,No,1,4,3,1,1,2,No
2451,42,Male,Single,Bachelor,Finance,Finance Manager,3,Pune,9,180080,No,2,4,4,12,3,5,Yes
2452,39,Male,Married,Bachelor,Human Resources,HR Manager,2,Pune,16,49064,No,4,3,3,0,0,6,No
2453,33,Male,Single,Bachelor,Research & Development,Research Scientist,1,Pune,3,35991,Yes,1,3,3,6,4,1,Yes
2454,41,Male,Married,Diploma,Operations,Supervisor,2,Mumbai,8,73105,Yes,2,4,4,11,1,1,No
2455,38,Male,Married,Bachelor,Sales,Sales Representative,2,Bengaluru,13,98906,No,1,3,3,9,2,1,No
2456,28,Male,Married,Bachelor,IT,Software Engineer,1,Bengaluru,17,32227,No,2,3,3,1,1,4,No
2457,21,Female,Married,PhD,Sales,Sales Executive,1,Bengaluru,16,28454,Yes,4,4,3,0,0,6,No
2458,27,Female,Married,PhD,IT,Software Engineer,1,Hyderabad,23,40303,No,4,2,4,5,1,2,No
2459,26,Male,Married,Bachelor,Research & Development,Research Scientist,1,Bengaluru,5,28208,No,4,4,3,0,0,4,No
2460,34,Male,Divorced,Bachelor,Research & Development,Research Scientist,1,Pune,14,25246,Yes,3,3,3,0,0,2,Yes
2461,28,Female,Married,Bachelor,Research & Development,Research Scientist,1,Mumbai,4,29542,No,3,3,4,4,1,3,No
2462,30,Male,Married,Master,Research & Development,Research Scientist,1,Hyderabad,11,25618,No,1,2,3,1,1,3,Yes
2463,25,Male,Single,Bachelor,Sales,Sales Executive,1,Hyderabad,13,34127,Yes,2,4,3,4,1,5,Yes
2464,25,Male,Married,Bachelor,Operations,Supervisor,2,Hyderabad,36,79371,Yes,2,2,3,4,2,5,Yes
2465,35,Male,Single,Bachelor,Sales,Sales Executive,1,Mumbai,18,36658,No,3,3,3,2,2,4,No
2466,21,Female,Married,Master,Operations,Operations Associate,1,Nagpur,8,37991,No,3,1,3,0,0,3,No
2467,34,Female,Married,Bachelor,Finance,Financial Analyst,2,Hyderabad,7,70558,No,2,4,4,2,1,4,Yes
2468,34,Male,Single,Bachelor,Human Resources,HR Manager,2,Bengaluru,19,74084,No,1,3,4,0,0,3,Yes
2469,29,Male,Married,Bachelor,Research & Development,Research Scientist,1,Hyderabad,9,43098,Yes,2,4,3,5,0,3,Yes
2470,25,Male,Married,Bachelor,IT,Data Analyst,2,Bengaluru,16,59636,No,4,3,4,3,3,3,No
2471,42,Female,Single,Bachelor,Research & Development,Lab Technician,2,Mumbai,15,70958,Yes,3,3,3,4,3,5,No
2472,32,Female,Married,Master,Research & Development,Research Scientist,1,Bengaluru,21,30357,No,2,3,3,7,1,6,Yes
2473,35,Female,Single,Master,Research & Development,Research Scientist,1,Nagpur,60,36257,No,3,2,3,0,0,5,No
2474,36,Male,Married,Master,Research & Development,Research Director,3,Pune,6,95232,Yes,4,3,3,2,1,0,No
2475,35,Female,Single,Master,Research & Development,Research Director,3,Pune,16,125066,No,4,3,3,6,2,2,No
2476,40,Male,Single,Master,Research & Development,Research Scientist,1,Mumbai,12,38012,Yes,2,4,3,4,1,4,Yes
2477,37,Female,Single,Master,IT,Data Analyst,2,Mumbai,10,88333,No,3,2,3,5,0,1,No
2478,45,Female,Single,Diploma,Research & Development,Research Director,3,Hyderabad,3,186462,No,2,3,3,24,2,2,No
2479,25,Male,Single,Bachelor,Sales,Sales Executive,1,Mumbai,19,38768,Yes,4,4,4,2,1,6,Yes
2480,33,Female,Single,Master,Sales,Sales Representative,2,Hyderabad,10,72776,Yes,4,4,4,12,1,0,No
2481,38,Male,Married,Diploma,Sales,Sales Manager,3,Hyderabad,13,163770,No,2,3,3,11,5,0,Yes
2482,31,Female,Married,Bachelor,Sales,Sales Executive,1,Nagpur,5,38060,No,3,4,3,4,4,6,No
2483,44,Female,Single,Master,Sales,Sales Representative,2,Nagpur,4,92048,No,1,3,3,10,1,2,No
2484,29,Male,Divorced,Master,Research & Development,Research Scientist,1,Nagpur,9,30598,No,4,3,3,5,2,6,No
2485,37,Male,Single,Diploma,IT,Data Analyst,2,Bengaluru,5,76848,No,3,3,3,8,1,2,Yes
2486,36,Male,Single,Master,Human Resources,HR Manager,3,Pune,24,123972,Yes,3,3,3,1,1,4,No
2487,28,Female,Married,Master,Sales,Sales Executive,1,Bengaluru,26,36519,No,1,4,3,6,3,2,Yes
2488,30,Male,Married,Bachelor,Operations,Supervisor,2,Pune,7,90992,No,4,3,3,7,0,5,No
2489,22,Male,Married,Master,Research & Development,Research Scientist,1,Mumbai,4,30903,Yes,3,4,3,0,0,1,No
2490,44,Female,Single,PhD,IT,IT Manager,3,Pune,53,142312,No,1,3,2,2,2,3,No
2491,21,Male,Married,Bachelor,Sales,Sales Executive,1,Bengaluru,2,26513,Yes,3,3,3,0,0,6,Yes
2492,25,Male,Married,Master,Sales,Sales Representative,2,Nagpur,17,64056,No,3,2,3,4,1,0,No
2493,32,Male,Married,Diploma,IT,Data Analyst,2,Nagpur,4,51557,No,1,3,3,1,1,2,No
2494,21,Male,Single,Bachelor,Sales,Sales Executive,1,Nagpur,19,38612,No,4,2,4,0,0,3,No
2495,38,Male,Single,Master,Sales,Sales Representative,2,Hyderabad,24,82427,No,2,4,3,4,1,3,Yes
2496,39,Female,Married,Master,Operations,Operations Manager,3,Bengaluru,4,156594,No,2,2,3,7,4,6,No
2497,25,Female,Single,Master,Sales,Sales Executive,1,Mumbai,9,41799,No,3,3,3,4,3,4,No
2498,28,Male,Married,Master,Research & Development,Lab Technician,2,Mumbai,10,70190,No,3,3,3,0,0,3,No
2499,27,Male,Married,Bachelor,Human Resources,HR Executive,1,Bengaluru,6,33122,No,4,4,3,4,0,5,No
2500,42,Male,Married,Bachelor,Sales,Sales Manager,3,Nagpur,5,141358,Yes,3,2,3,5,4,3,Yes
